-- phpMyAdmin SQL Dump
-- version 4.1.12
-- http://www.phpmyadmin.net
--
-- Host: 127.0.0.1
-- Generation Time: Sep 21, 2014 at 01:07 AM
-- Server version: 5.6.16
-- PHP Version: 5.5.11

SET SQL_MODE = "NO_AUTO_VALUE_ON_ZERO";
SET time_zone = "+00:00";


/*!40101 SET @OLD_CHARACTER_SET_CLIENT=@@CHARACTER_SET_CLIENT */;
/*!40101 SET @OLD_CHARACTER_SET_RESULTS=@@CHARACTER_SET_RESULTS */;
/*!40101 SET @OLD_COLLATION_CONNECTION=@@COLLATION_CONNECTION */;
/*!40101 SET NAMES utf8 */;

--
-- Database: `socstats`
--

-- --------------------------------------------------------

--
-- Table structure for table `competition`
--

CREATE TABLE IF NOT EXISTS `competition` (
  `id_competition` int(4) NOT NULL AUTO_INCREMENT,
  `competition` tinytext,
  `kepanjangan` mediumtext,
  `is_checked` char(1) NOT NULL,
  `link_competition` text NOT NULL,
  PRIMARY KEY (`id_competition`)
) ENGINE=MyISAM  DEFAULT CHARSET=latin1 AUTO_INCREMENT=191 ;

--
-- Dumping data for table `competition`
--

INSERT INTO `competition` (`id_competition`, `competition`, `kepanjangan`, `is_checked`, `link_competition`) VALUES
(7, 'COA', 'Copa Argentina', '0', ''),
(6, 'PRD', 'Primera División', '0', ''),
(8, 'COL', 'Copa Libertadores', '1', ''),
(9, 'COS', '', '1', ''),
(10, 'PBN', '', '0', ''),
(11, 'A-L', 'A-League', '0', ''),
(12, 'ACL', 'AFC Champions League', '1', ''),
(13, 'PRL', '', '0', ''),
(14, 'CUP', 'Cup', '0', ''),
(15, 'SUC', 'Super Cup', '0', ''),
(16, 'UEL', 'UEFA Europa League', '1', ''),
(17, 'UCL', 'UEFA Champions League', '1', ''),
(18, 'PL1', '', '0', ''),
(19, 'SED', '', '0', ''),
(20, 'MI1', '', '0', ''),
(21, 'CDB', 'Copa do Brasil', '0', ''),
(22, 'SEA', 'Serie A', '0', ''),
(23, 'GA1', '', '0', ''),
(24, 'COG', '', '0', ''),
(25, 'CA1', '', '0', ''),
(26, 'PA1', '', '0', ''),
(27, 'BA1', '', '0', ''),
(28, 'PAA', '', '0', ''),
(29, 'GO1', '', '0', ''),
(30, 'RES', '', '0', ''),
(31, 'SBC', '', '0', ''),
(32, 'PE1', '', '0', ''),
(33, 'FAC', 'FA Cup', '0', ''),
(34, 'CSL', '', '0', ''),
(35, 'CLO', '', '0', ''),
(36, 'COC', 'Copa Chile', '0', ''),
(37, 'PRA', 'Primera A', '0', ''),
(38, 'PRB', '', '0', ''),
(39, 'LEC', 'League Cup', '0', ''),
(40, 'CHA', '', '0', ''),
(41, 'ICC', '', '1', ''),
(42, 'USC', '', '0', ''),
(43, 'VEI', 'Veikkausliiga', '0', ''),
(44, 'YKK', '', '0', ''),
(45, 'LI1', 'Ligue 1', '0', ''),
(46, 'CDF', '', '0', ''),
(47, 'LI2', '', '0', ''),
(48, 'CDL', '', '0', ''),
(49, 'BUN', 'Bundesliga', '0', ''),
(50, 'DFP', 'DFB Pokal', '0', ''),
(51, 'FCW', 'FIFA Club World Cup', '1', ''),
(52, '2.B', '', '0', ''),
(53, 'FOL', '', '0', ''),
(54, 'SUL', 'Super Liga', '0', ''),
(55, 'COI', '', '0', ''),
(56, 'SEB', '', '0', ''),
(57, 'J1L', 'J1 League', '0', ''),
(58, 'J-C', 'J-League Cup', '0', ''),
(59, 'EMC', 'Emperor Cup', '0', ''),
(60, 'J2L', 'J2 League', '0', ''),
(61, 'KLC', 'K League Classic', '0', ''),
(62, 'LIM', 'Liga MX', '0', ''),
(63, 'COM', 'Copa MX', '0', ''),
(64, 'ASM', '', '0', ''),
(65, 'CCL', 'CONCACAF Champions League', '1', ''),
(66, 'FRI', '', '0', ''),
(67, 'ECQ', '', '0', ''),
(68, 'EUC', '', '0', ''),
(69, 'WQE', '', '0', ''),
(70, 'WOC', '', '1', ''),
(71, 'WQS', '', '0', ''),
(72, 'CGC', '', '0', ''),
(73, 'WQC', '', '0', ''),
(74, 'ASC', '', '0', ''),
(75, 'KIC', '', '0', ''),
(76, 'WQA', '', '0', ''),
(77, 'EEA', '', '0', ''),
(78, 'NAC', '', '0', ''),
(79, 'ACQ', '', '0', ''),
(80, 'ERE', 'Eredivisie', '0', ''),
(81, 'KNB', '', '0', ''),
(82, 'EED', '', '0', ''),
(83, 'TDL', '', '0', ''),
(84, 'TDP', '', '0', ''),
(85, 'LDH', '', '0', ''),
(86, 'FNL', '', '0', ''),
(87, 'PRE', 'Premiership', '0', ''),
(88, 'SCC', '', '0', ''),
(89, 'CHC', '', '0', ''),
(90, 'CDR', '', '0', ''),
(91, 'ALL', '', '0', ''),
(92, 'SVC', '', '0', ''),
(93, 'SUP', 'Superliga', '0', ''),
(94, 'SCP', '', '0', ''),
(95, 'CHL', '', '0', ''),
(96, 'SÜL', 'Süper Lig', '0', ''),
(97, '1.L', '', '0', ''),
(98, 'PEL', '', '0', ''),
(99, 'MLS', 'MLS', '0', ''),
(100, 'UOC', '', '0', ''),
(101, 'CAC', '', '0', ''),
(102, 'BAC', '', '0', ''),
(103, 'DBP', 'DBU Pokalen', '0', ''),
(104, '1SD', '', '0', ''),
(105, 'WQI', '', '0', ''),
(106, '', '', '0', ''),
(107, 'CDN', '', '0', ''),
(108, 'ISL', 'ISL', '0', 'http://int.soccerway.com/national/indonesia/super-liga/20122013/regular-season/r19938/'),
(109, 'IIC', 'Inter Island Cup', '0', 'http://int.soccerway.com/national/indonesia/inter-island-cup/2014/qualifying-group-stage/kalimantan/g6697/'),
(110, 'IPL', 'IPL', '0', 'http://int.soccerway.com/national/indonesia/isl/2013/regular-season/r20389/'),
(111, 'PII', 'Piala Indonesia', '0', 'http://int.soccerway.com/national/indonesia/piala-indonesia/2012/semi-finals/r17502/'),
(112, 'DU(', 'Divisi Utama (ISL)', '0', 'http://int.soccerway.com/national/indonesia/divisi-utama/20122013/regular-season/group-3/g5775/'),
(113, 'AFC', 'AFC Cup', '1', 'http://int.soccerway.com/international/asia/afc-cup/2014/group-stage/group-e/g6615/'),
(114, 'P1(', 'Play-offs 1/2 (ISL)', '0', 'http://int.soccerway.com/national/indonesia/play-offs-12-isl/2013/final/r22866/'),
(115, 'TAC', 'The Atlantic Cup', '1', 'http://int.soccerway.com/international/world/the-atlantic-cup/2014/final-round/r24061/'),
(116, 'ACO', 'Africa Cup of Nations Qualification', '0', 'http://int.soccerway.com/international/africa/africa-cup-of-nations-qualification/2012-equatorial-guinea-gabon/qualifying-round/group-7/g3533/'),
(117, 'ANC', 'African Nations Championship', '0', 'http://int.soccerway.com/international/africa/african-nations-championship/2014-south-africa/group-stage/group-a/g6432/'),
(118, 'PSL', 'PSL', '0', 'http://int.soccerway.com/national/south-africa/psl/20122013/regular-season/r18654/'),
(119, '8C', '8 Cup', '0', 'http://int.soccerway.com/national/south-africa/8-cup/20132014/quarter-finals/r22192/'),
(120, 'CCC', 'CAF Confederation Cup', '0', 'http://int.soccerway.com/international/africa/caf-confederation-cup/2013/2nd-round/r20012/'),
(121, 'WPS', 'World Pro Soccer Classic', '0', 'http://int.soccerway.com/international/world/world-pro-soccer-classic/2014/group-stage/group-b/g6809/'),
(122, 'MAC', 'Malaysia Cup', '0', 'http://int.soccerway.com/national/malaysia/malaysia-cup/2013/group-stage/group-c/g6325/'),
(123, '1.H', '1. HNL', '0', 'http://int.soccerway.com/national/croatia/1-hnl/20122013/regular-season/r18018/'),
(124, 'HNC', 'HR Nogometni Cup', '0', 'http://int.soccerway.com/national/croatia/hr-nogometni-cup/20122013/finals/r18732/'),
(125, '2.H', '2. HNL', '0', 'http://int.soccerway.com/national/croatia/2-hnl/20122013/regular-season/r18747/'),
(126, 'NMC', 'NM Cupen', '0', 'http://int.soccerway.com/national/norway/nm-cupen/2013/3rd-round/r20467/'),
(127, 'ELI', 'Eliteserien', '0', 'http://int.soccerway.com/national/norway/eliteserien/2013/regular-season/r19871/'),
(128, '1.D', '1. Division', '0', 'http://int.soccerway.com/national/norway/1-division/2013/regular-season/r19961/'),
(129, 'EKS', 'Ekstraklasa', '0', 'http://int.soccerway.com/national/poland/ekstraklasa/20122013/regular-season/r18035/'),
(130, 'IL', 'I Liga', '0', 'http://int.soccerway.com/national/poland/i-liga/20122013/regular-season/r18268/'),
(131, 'WEC', 'Welsh Cup', '0', 'http://int.soccerway.com/national/wales/welsh-cup/20122013/quarter-finals/r19338/'),
(132, 'FEL', 'Feeder Leagues', '0', 'http://int.soccerway.com/national/wales/feeder-leagues/20122013/cymru-alliance/r18566/'),
(133, 'LII', 'Liga I', '0', 'http://int.soccerway.com/national/romania/liga-i/20132014/regular-season/r21700/'),
(134, 'CUR', 'Cupa României', '0', 'http://int.soccerway.com/national/romania/cupa-romaniei/20132014/8th-finals/r21571/'),
(135, 'HYF', 'Hybrid Friendlies', '0', 'http://int.soccerway.com/international/world/hybrid-friendlies/2014/hybrid-friendlies-3/r23277/'),
(136, 'FID', 'First Division', '0', 'http://int.soccerway.com/national/ireland-republic/first-division/2013/regular-season/r20113/'),
(137, 'SEC', 'Setanta Cup', '0', 'http://int.soccerway.com/international/europe/setanta-cup/2014/quarter-finals/r23385/'),
(138, 'FPC', 'FAI President''s Cup', '0', 'http://int.soccerway.com/national/ireland-republic/fai-presidents-cup/2014/final/r24000/'),
(139, 'CZL', 'Czech Liga', '0', 'http://int.soccerway.com/national/czech-republic/czech-liga/20122013/regular-season/r18409/'),
(140, '2.L', '2. liga', '0', 'http://int.soccerway.com/national/czech-republic/2-liga/20122013/regular-season/r18695/'),
(141, '1.S', '1. SNL', '0', 'http://int.soccerway.com/national/slovenia/1-snl/20132014/regular-season/r21679/'),
(142, '2.S', '2. SNL', '0', 'http://int.soccerway.com/national/slovenia/2-snl/20122013/regular-season/r18475/'),
(143, 'CCR', 'Copa Costa Rica', '0', 'http://int.soccerway.com/national/costa-rica/copa-costa-rica/2013/semi-finals/r22323/'),
(144, 'LDA', 'Liga de Ascenso', '0', 'http://int.soccerway.com/national/costa-rica/liga-de-ascenso/20122013/clausura---finals/r19007/'),
(145, 'DIP', 'Division Profesional', '0', 'http://int.soccerway.com/national/paraguay/division-profesional/2013/apertura/r20179/'),
(146, 'DII', 'Division Intermedia', '0', 'http://int.soccerway.com/national/paraguay/division-intermedia/2012/regular-season/r17163/'),
(147, 'I2D', 'I-League 2nd Division', '0', 'http://int.soccerway.com/national/india/i-league-2nd-division/2013/final-group/r20951/'),
(148, 'CPD', 'Calcutta Premier Division', '0', 'http://int.soccerway.com/national/india/calcutta-premier-division/20132014/regular-season/r23529/'),
(149, 'I-L', 'I-League', '0', 'http://int.soccerway.com/national/india/i-league/20132014/regular-season/r22699/'),
(150, 'FEC', 'Federation Cup', '0', 'http://int.soccerway.com/national/india/federation-cup/2013/8th-finals/group-d/g6452/'),
(151, 'IFS', 'IFA Shield', '0', 'http://int.soccerway.com/national/india/shield-ifa/2014/group-stage/group-b/g6759/'),
(152, 'LFP', 'LFPB', '0', 'http://int.soccerway.com/national/bolivia/lfpb/20132014/apertura/r21612/'),
(153, 'NAB', 'Nacional B', '0', 'http://int.soccerway.com/national/bolivia/nacional-b/20122013/2nd-phase/r19504/'),
(154, 'ACC', 'AFC Challenge Cup', '0', 'http://int.soccerway.com/international/asia/afc-challenge-cup/2012/qualifying-round/group-b/g4360/'),
(155, 'SAC', 'SAFF Championship', '0', 'http://int.soccerway.com/international/asia/south-asian-football-federation-championship/2011/group-stage/group-a/g4858/'),
(156, 'NEC', 'Nehru Cup', '0', 'http://int.soccerway.com/international/asia/nehru-cup/2012/group-stage/r18982/'),
(157, 'AP', 'A PFG', '0', 'http://int.soccerway.com/national/bulgaria/a-pfg/20132014/regular-season/r21511/'),
(158, 'NBI', 'NB I', '0', 'http://int.soccerway.com/national/hungary/nb-i/20132014/regular-season/r21541/'),
(159, 'MAK', 'Magyar Kupa', '0', 'http://int.soccerway.com/national/hungary/magyar-kupa/20132014/4th-round/r21554/'),
(160, 'BP', 'B PFG', '0', 'http://int.soccerway.com/national/bulgaria/b-pfg/20122013/regular-season/r18743/'),
(161, 'LSC', 'Leinster Senior Cup', '0', 'http://int.soccerway.com/national/ireland-republic/leinster-senior-cup/20132014/4th-round/r24402/'),
(162, 'LP1', 'Lega Pro 1', '0', 'http://int.soccerway.com/national/italy/serie-c1/20122013/girone-a/r19025/'),
(163, '3.L', '3. Liga', '0', 'http://int.soccerway.com/national/germany/3-liga/20122013/regular-season/r18185/'),
(164, 'PL2', 'Play-offs 2/3', '0', 'http://int.soccerway.com/national/germany/play-offs-23/20122013/finals/r21234/'),
(165, 'DI1', 'Division 1', '0', 'http://int.soccerway.com/national/sweden/division-1/2013/norra/r20030/'),
(166, 'NAT', 'National', '0', 'http://int.soccerway.com/national/france/national/20122013/regular-season/r18438/'),
(167, 'COE', 'Copa EuroAmericana', '1', 'http://int.soccerway.com/international/world/copa-euroamericana/2014/regular-season/r25089/'),
(168, 'CE1', 'Cearense 1', '0', 'http://int.soccerway.com/national/brazil/cearense-1/2014/2nd-round/r24203/'),
(169, 'POT', 'Potiguar', '0', 'http://int.soccerway.com/national/brazil/potiguar/2014/2nd-phase/r24070/'),
(170, 'MAT', 'Matogrossense', '0', 'http://int.soccerway.com/national/brazil/matogrossense/2014/1st-round/group-b/g6602/'),
(171, 'MAR', 'Maranhense', '0', 'http://int.soccerway.com/national/brazil/maranhense/2014/1st-phase/group-b/g6606/'),
(172, 'JFL', 'Japan Football League', '0', 'http://int.soccerway.com/national/japan/japan-football-league/2013/regular-season/r20442/'),
(173, 'CSC', 'CECAFA Senior Challenge Cup', '0', 'http://int.soccerway.com/international/africa/cecafa-senior-challenge-cup/2010/group-stage/group-b/g4122/'),
(174, 'WAF', 'West Asian Federation Championship', '0', 'http://int.soccerway.com/international/asia/west-asian-federation-championship/2012/group-stage/group-b/g5465/'),
(175, 'LEO', 'League One', '0', 'http://int.soccerway.com/national/england/league-one/20142015/regular-season/r25263/'),
(176, 'FFC', 'FFA Cup', '0', 'http://int.soccerway.com/national/australia/ffa-cup/2014/16th-finals/r25447/'),
(177, 'CUL', 'Cupa Ligii', '0', 'http://int.soccerway.com/national/romania/cupa-ligii/20142015/8th-finals/r25839/'),
(178, 'RCW', 'Regional Cup Württemberg', '0', 'http://int.soccerway.com/national/germany/regional-cup-wurttemberg/20132014/quarter-finals/r23470/'),
(179, 'RCS', 'Regional Cup Sachsen', '0', 'http://int.soccerway.com/national/germany/regional-cup-sachsen/20132014/quarter-finals/r23451/'),
(180, 'RCH', 'Regional Cup Hessen', '0', 'http://int.soccerway.com/national/germany/regional-cup-hessen/20132014/semi-finals/r23427/'),
(181, 'CAN', 'Campeonato Nacional', '0', 'http://int.soccerway.com/national/portugal/ii-divisao/20122013/norte/r19019/'),
(182, 'ARA', 'Argentino A', '0', 'http://int.soccerway.com/national/argentina/argentino-a/20122013/2nd-phase/r20829/'),
(183, 'PBM', 'Prim B Metro', '0', 'http://int.soccerway.com/national/argentina/prim-b-metro/20122013/regular-season/r18620/'),
(184, 'SUM', 'Supercopa MX', '0', 'http://int.soccerway.com/national/mexico/supercopa-mx/2014/finals/r26695/'),
(185, 'SEL', 'Segunda Liga', '0', 'http://int.soccerway.com/national/portugal/liga-de-honra/20132014/regular-season/r22068/'),
(186, 'CFL', 'Copa Fares Lopes', '0', 'http://int.soccerway.com/national/brazil/copa-fares-lopes/2014/group-stage/group-2/g7317/'),
(187, 'OCM', 'Other Competition Matches', '0', 'http://int.soccerway.com/international/world/other-league-matches/2014/regular-season/r27201/'),
(188, 'TFA', 'Torneo Federal A', '0', 'http://int.soccerway.com/national/argentina/argentino-a/20132014/regular-season/group-a/g6312/'),
(189, 'CIL', 'Coppa Italia Lega Pro', '', 'http://int.soccerway.com/national/italy/coppa-italia-serie-c/20132014/3rd-round/group-c/g6487/'),
(190, 'LEP', 'Lega Pro', '', 'http://int.soccerway.com/national/italy/serie-c1/20132014/girone-b/r22446/');

-- --------------------------------------------------------

--
-- Table structure for table `dom`
--

CREATE TABLE IF NOT EXISTS `dom` (
  `id_dom` int(10) NOT NULL AUTO_INCREMENT,
  `id_team` int(4) DEFAULT NULL,
  `link` mediumtext,
  `team_a` tinytext,
  `team_b` tinytext,
  `id_competition` int(4) DEFAULT NULL,
  `extratime` text,
  `date` date DEFAULT NULL,
  `score1` int(2) DEFAULT NULL,
  `score2` int(2) DEFAULT NULL,
  `scorehalf1` int(2) DEFAULT NULL,
  `scorehalf2` int(2) DEFAULT NULL,
  `status_tanding` int(1) NOT NULL,
  `time` time DEFAULT NULL,
  `result` varchar(1) DEFAULT NULL,
  `result2` varchar(1) DEFAULT NULL,
  `result3` varchar(1) DEFAULT NULL,
  `result4` varchar(1) DEFAULT NULL,
  `resulthalf` varchar(1) DEFAULT NULL,
  `resulthalf2` varchar(1) DEFAULT NULL,
  `resulthalf3` varchar(1) DEFAULT NULL,
  `resulthalf4` varchar(1) DEFAULT NULL,
  `edited` int(1) DEFAULT '0',
  PRIMARY KEY (`id_dom`),
  KEY `id_team` (`id_team`),
  KEY `id_competition` (`id_competition`)
) ENGINE=InnoDB  DEFAULT CHARSET=latin1 AUTO_INCREMENT=81689 ;

--
-- Dumping data for table `dom`
--

INSERT INTO `dom` (`id_dom`, `id_team`, `link`, `team_a`, `team_b`, `id_competition`, `extratime`, `date`, `score1`, `score2`, `scorehalf1`, `scorehalf2`, `status_tanding`, `time`, `result`, `result2`, `result3`, `result4`, `resulthalf`, `resulthalf2`, `resulthalf3`, `resulthalf4`, `edited`) VALUES
(81684, 146, NULL, 'Arsenal', 'Boca Juniors', 6, '', '2012-12-03', 1, 0, NULL, NULL, 1, '00:00:00', 'O', 'U', '', NULL, NULL, NULL, NULL, NULL, 0),
(81685, 146, NULL, 'All Boys', 'Arsenal', 6, '', '2012-12-07', 0, 1, NULL, NULL, 1, '00:00:00', 'O', 'U', '', NULL, NULL, NULL, NULL, NULL, 0),
(81686, 146, NULL, 'Unión Santa Fe', 'Arsenal', 6, '', '2013-02-08', 1, 1, NULL, NULL, 1, '00:00:00', 'E', 'U', '', NULL, NULL, NULL, NULL, NULL, 0),
(81687, 146, 'http://int.soccerway.com/international/south-america/copa-libertadores/2013/2nd-round/group-3/g5753/', 'The Strongest', 'Arsenal', 8, '', '2013-02-15', 2, 1, NULL, NULL, 1, '00:00:00', 'O', 'O', 'O', NULL, NULL, NULL, NULL, NULL, 0),
(81688, 146, 'http://int.soccerway.com/national/argentina/primera-division/20122013/clausura/r18618/', 'Arsenal', 'Atlético Rafaela', 6, '', '2013-02-18', 0, 0, NULL, NULL, 1, '00:00:00', 'E', 'U', 'X', NULL, NULL, NULL, NULL, NULL, 0);

-- --------------------------------------------------------

--
-- Table structure for table `negara`
--

CREATE TABLE IF NOT EXISTS `negara` (
  `id_negara` int(10) NOT NULL AUTO_INCREMENT,
  `negara` tinytext,
  `tgl_start` date DEFAULT NULL,
  `llast_sync` datetime DEFAULT NULL,
  `is_checked` tinyint(4) DEFAULT NULL,
  PRIMARY KEY (`id_negara`)
) ENGINE=InnoDB  DEFAULT CHARSET=latin1 AUTO_INCREMENT=103 ;

--
-- Dumping data for table `negara`
--

INSERT INTO `negara` (`id_negara`, `negara`, `tgl_start`, `llast_sync`, `is_checked`) VALUES
(16, 'ENGLAND', '2014-08-01', '2014-09-14 00:00:00', 1),
(17, 'USA', '2014-03-01', '2014-09-14 00:00:00', 1),
(18, 'JAPAN', '2014-03-01', '2014-09-14 00:00:00', 1),
(19, 'KOREA', '2014-03-01', '2014-09-14 00:00:00', 1),
(20, 'BRAZIL', '2014-04-01', '2014-09-14 00:00:00', 1),
(21, 'MEXICO', '2013-07-01', '2014-09-14 00:00:00', 1),
(22, 'GERMANY', '2014-08-01', '2014-09-14 00:00:00', 1),
(23, 'FRANCE', '2014-08-01', '2014-09-14 00:00:00', 1),
(24, 'ARGENTINA', '2013-02-01', '2014-09-14 00:00:00', 1),
(25, 'HOLLAND', '2014-08-01', '2014-09-14 00:00:00', 1),
(28, 'PORTUGAL', '2014-08-01', '2014-09-14 00:00:00', 1),
(29, 'TURKEY', '2013-07-01', '2014-09-14 00:00:00', 1),
(30, 'RUSSIA', '2014-08-01', '2014-09-14 00:00:00', 1),
(31, 'SWEDEN', '2014-03-01', '2014-09-14 00:00:00', 1),
(32, 'SCOTLAND', '2014-08-01', '2014-09-14 00:00:00', 1),
(33, 'BELGIUM', '2014-07-01', '2014-09-14 00:00:00', 1),
(34, 'AUSTRALIA', '2014-10-01', '2014-09-14 00:00:00', 1),
(38, 'SPAIN', '2013-01-01', '2014-09-14 00:00:00', 1),
(49, 'ITALY', '2014-08-01', '2014-09-14 00:00:00', 1),
(50, 'CHINA', '2014-03-01', '2014-09-14 00:00:00', 1),
(51, 'FINLAND', '2014-04-01', '2014-09-14 00:00:00', 1),
(52, 'COLOMBIA', '2014-01-01', '2014-09-14 00:00:00', 1),
(53, 'UKRAINE', '2013-01-01', '2014-09-14 00:00:00', NULL),
(54, 'GREECE', '2014-08-01', '2014-09-14 00:00:00', 1),
(55, 'SWISS', '2014-07-01', '2014-09-14 00:00:00', 1),
(56, 'URUGUAY', '2013-07-01', '2014-09-14 00:00:00', NULL),
(57, 'INTERNATIONAL', '2012-01-01', '2014-09-14 00:00:00', 1),
(61, 'CHILE', '2014-07-01', '2014-09-14 00:00:00', 1),
(62, 'AUSTRIA', '2014-07-01', '2014-09-14 00:00:00', 1),
(63, 'DENMARK', '2014-07-01', '2014-09-14 00:00:00', 1),
(64, 'ECUADOR', '2014-01-01', '2014-09-14 00:00:00', 1),
(65, 'CANADA', '2014-06-01', '2014-09-14 00:00:00', 1),
(66, 'INDONESIA', '2014-02-01', '2014-09-14 00:00:00', NULL),
(67, 'SOUTH AFRICA', '2013-08-01', '2014-09-14 00:00:00', NULL),
(68, 'MALAYSIA', '2014-01-01', '2014-09-14 00:00:00', NULL),
(69, 'CROATIA', '2014-07-01', '2014-09-14 00:00:00', 1),
(70, 'NORWAY', '2014-03-01', '2014-09-14 00:00:00', 1),
(71, 'POLAND', '2014-07-01', '2014-09-14 00:00:00', 1),
(72, 'WALES', '2014-08-01', '2014-09-14 00:00:00', NULL),
(73, 'ROMANIA', '2014-07-01', '2014-09-14 00:00:00', 1),
(78, 'IRELAND', '2014-03-01', '2014-09-14 00:00:00', 1),
(79, 'CZECH REPUBLIC', '2014-07-01', '2014-09-14 00:00:00', 1),
(80, 'SLOVAKIA', '2014-07-01', '2014-09-14 00:00:00', 1),
(81, 'SLOVENIA', '2014-07-01', '2014-09-14 00:00:00', 1),
(82, 'SERBIA', '2014-08-01', '2014-09-14 00:00:00', 1),
(83, 'COSTA RICA', '2013-08-01', '2014-09-14 00:00:00', NULL),
(84, 'PARAGUAY', '2014-02-01', '2014-09-14 00:00:00', NULL),
(88, 'BOLIVIA', '2013-08-01', '2014-09-14 00:00:00', 1),
(89, 'INDIA', '2013-09-01', '2014-09-14 00:00:00', NULL),
(90, 'HUNGARY', '2014-07-01', '2014-09-14 00:00:00', 1),
(91, 'BULGARIA', '2014-07-01', '2014-09-14 00:00:00', NULL),
(92, 'ENGLAND-2', '2014-08-01', '2014-09-14 00:00:00', 1),
(93, 'ITALY-2', '2014-07-01', '2014-09-14 00:00:00', 1),
(94, 'GERMANY-2', '2014-08-01', '2014-09-14 00:00:00', NULL),
(95, 'SPAIN-2', '2013-07-01', '2014-09-14 00:00:00', NULL),
(96, 'SWEDEN-2', '2014-04-01', '2014-09-14 00:00:00', 1),
(97, 'FRANCE-2', '2014-08-01', '2014-09-14 00:00:00', 1),
(98, 'KOREA-2', '2014-04-01', '2014-09-14 00:00:00', NULL),
(99, 'JAPAN-2', '2014-03-01', '2014-09-14 00:00:00', NULL),
(100, 'BRAZIL-2', '2014-04-01', '2014-09-14 00:00:00', 1),
(101, 'BELARUS', '2014-03-01', '2014-09-14 00:00:00', 1),
(102, 'ARGENTINA-2', '2014-08-01', '2014-09-14 00:00:00', 1);

-- --------------------------------------------------------

--
-- Table structure for table `team`
--

CREATE TABLE IF NOT EXISTS `team` (
  `id_team` int(4) NOT NULL AUTO_INCREMENT,
  `id_negara` int(4) DEFAULT NULL,
  `team` tinytext,
  `link` text,
  PRIMARY KEY (`id_team`),
  KEY `id_negara` (`id_negara`)
) ENGINE=InnoDB  DEFAULT CHARSET=latin1 AUTO_INCREMENT=1167 ;

--
-- Dumping data for table `team`
--

INSERT INTO `team` (`id_team`, `id_negara`, `team`, `link`) VALUES
(16, 16, 'Arsenal', 'http://int.soccerway.com/teams/england/arsenal-fc/660/matches/'),
(17, 16, 'Aston Villa', 'http://int.soccerway.com/teams/england/aston-villa-football-club/665/matches/'),
(19, 16, 'Manchester City', 'http://int.soccerway.com/teams/england/manchester-city-football-club/676/matches/'),
(21, 16, 'Manchester United', 'http://int.soccerway.com/teams/england/manchester-united-fc/662/matches/'),
(22, 16, 'Chelsea', 'http://int.soccerway.com/teams/england/chelsea-football-club/661/matches/'),
(23, 16, 'Crystal Palace', 'http://int.soccerway.com/teams/england/crystal-palace-fc/679/matches/'),
(24, 16, 'Everton', 'http://int.soccerway.com/teams/england/everton-football-club/674/matches/'),
(26, 16, 'Hull City', 'http://int.soccerway.com/teams/england/hull-city-afc/725/matches/'),
(27, 16, 'Liverpool', 'http://int.soccerway.com/teams/england/liverpool-fc/663/matches/'),
(28, 16, 'Newcastle United', 'http://int.soccerway.com/teams/england/newcastle-united-football-club/664/matches/'),
(30, 17, 'Sporting Kansas City', 'http://int.soccerway.com/teams/united-states/kansas-city-wizards/2274/matches/'),
(31, 17, 'New York Red Bulls', 'http://int.soccerway.com/teams/united-states/new-york-red-bulls/6571/matches/'),
(32, 17, 'Montreal Impact', 'http://int.soccerway.com/teams/canada/montreal-impacts/20933/matches/'),
(33, 17, 'Philadelphia Union', 'http://int.soccerway.com/teams/united-states/philadelphia-union/14575/matches/'),
(34, 17, 'Houston Dynamo', 'http://int.soccerway.com/teams/united-states/houston-dynamo/6422/matches/'),
(35, 17, 'New England Revolution', 'http://int.soccerway.com/teams/united-states/new-england-revolution/2279/matches/'),
(36, 17, 'Chicago Fire', 'http://int.soccerway.com/teams/united-states/chicago-fire/2273/matches/'),
(37, 17, 'Columbus Crew', 'http://int.soccerway.com/teams/united-states/columbus-crew/2280/matches/'),
(38, 17, 'Toronto FC', 'http://int.soccerway.com/teams/canada/toronto-fc/7977/matches/'),
(39, 17, 'D.C. United', 'http://int.soccerway.com/teams/united-states/washington-district-of-columbia-united/2277/matches/'),
(40, 17, 'Real Salt Lake', 'http://int.soccerway.com/teams/united-states/real-salt-lake/3843/matches/'),
(41, 17, 'Portland Timbers', 'http://int.soccerway.com/teams/united-states/portland-timbers-mls/17501/matches/'),
(42, 17, 'Colorado Rapids', 'http://int.soccerway.com/teams/united-states/colorado-rapids/2278/matches/'),
(43, 17, 'LA Galaxy', 'http://int.soccerway.com/teams/united-states/los-angeles-galaxy/2272/matches/'),
(44, 17, 'Vancouver Whitecaps', 'http://int.soccerway.com/teams/canada/vancouver-whitecaps-fc/17500/matches/'),
(45, 17, 'FC Dallas', 'http://int.soccerway.com/teams/united-states/football-club-dallas/3841/matches/'),
(46, 17, 'Seattle Sounders', 'http://int.soccerway.com/teams/united-states/seattle-sounders-fc/13024/matches/'),
(47, 17, 'San Jose Earthquakes', 'http://int.soccerway.com/teams/united-states/san-jose-earthquakes/2276/matches/'),
(48, 17, 'Deportivo Chivas USA', 'http://int.soccerway.com/teams/united-states/club-deportivo-chivas-usa/3842/matches/'),
(49, 16, 'Southampton', 'http://int.soccerway.com/teams/england/southampton-fc/670/matches/'),
(50, 16, 'Stoke City', 'http://int.soccerway.com/teams/england/stoke-city-fc/690/matches/'),
(51, 16, 'Sunderland', 'http://int.soccerway.com/teams/england/sunderland-association-football-club/683/matches/'),
(52, 16, 'Swansea City', 'http://int.soccerway.com/teams/wales/swansea-city-afc/738/matches/'),
(53, 16, 'Tottenham Hotspur', 'http://int.soccerway.com/teams/england/tottenham-hotspur-football-club/675/matches/'),
(54, 16, 'W.B.A', 'http://int.soccerway.com/teams/england/west-bromwich-albion-football-club/678/matches/'),
(55, 16, 'West Ham United', 'http://int.soccerway.com/teams/england/west-ham-united-fc/684/matches/'),
(56, 18, 'Sanfrecce Hiroshima', 'http://int.soccerway.com/teams/japan/sanfrecce-hiroshima/1334/matches/'),
(57, 18, 'Omiya Ardija', 'http://int.soccerway.com/teams/japan/omiya-ardija/1339/matches/'),
(58, 18, 'Yokohama F.Marinos', 'http://int.soccerway.com/teams/japan/yokohama-f-marinos/1322/matches/'),
(59, 18, 'Urawa Red Diamonds', 'http://int.soccerway.com/teams/japan/urawa-red-diamonds/1323/matches/'),
(60, 18, 'Cerezo Osaka', 'http://int.soccerway.com/teams/japan/cerezo-osaka/1335/matches/'),
(61, 18, 'Kashima Antlers', 'http://int.soccerway.com/teams/japan/kashima-antlers/1324/matches/'),
(62, 18, 'Kawasaki Frontale', 'http://int.soccerway.com/teams/japan/kawasaki-frontale/1336/matches/'),
(63, 18, 'FC Tokyo', 'http://int.soccerway.com/teams/japan/fc-tokyo/1330/matches/'),
(64, 18, 'Kashiwa Reysol', 'http://int.soccerway.com/teams/japan/kashiwa-reysol/1331/matches/'),
(65, 18, 'Vegalta Sendai', 'http://int.soccerway.com/teams/japan/vegalta-sendai/1344/matches/'),
(66, 18, 'Shimizu S-Pulse', 'http://int.soccerway.com/teams/japan/shimizu-s-pulse/1329/matches/'),
(67, 18, 'Nagoya Grampus', 'http://int.soccerway.com/teams/japan/nagoya-grampus-eight/1325/matches/'),
(68, 18, 'Albirex Niigata', 'http://int.soccerway.com/teams/japan/albirex-niigata/1333/matches/'),
(69, 18, 'Ventforet Kofu', 'http://int.soccerway.com/teams/japan/ventforet-kofu/1342/matches/'),
(70, 18, 'Sagan Tosu', 'http://int.soccerway.com/teams/japan/sagan-tosu/1343/matches/'),
(71, 18, 'Vissel Kobe', 'http://int.soccerway.com/teams/japan/vissel-kobe/1328/matches/'),
(72, 18, 'Gamba Osaka', 'http://int.soccerway.com/teams/japan/gamba-osaka/1327/matches/'),
(73, 18, 'Tokushima Vortis', 'http://int.soccerway.com/teams/japan/tokushima-vortis/3614/matches/'),
(74, 19, 'Ulsan Hyundai', 'http://int.soccerway.com/teams/korea-republic/ulsan-horang-i/1374/matches/'),
(75, 19, 'Pohang Steelers', 'http://int.soccerway.com/teams/korea-republic/pohang-steelers/1372/matches/'),
(76, 19, 'Jeonbuk Hyundai Motors', 'http://int.soccerway.com/teams/korea-republic/chonbuk/1377/matches/'),
(77, 19, 'Incheon United', 'http://int.soccerway.com/teams/korea-republic/incheon-united-fc/1380/matches/'),
(78, 19, 'Suwon Samsung Bluewings', 'http://int.soccerway.com/teams/korea-republic/suwon-bluewings/1382/matches/'),
(79, 19, 'FC Seoul', 'http://int.soccerway.com/teams/korea-republic/fc-seoul/1381/matches/'),
(80, 19, 'Jeju United', 'http://int.soccerway.com/teams/korea-republic/jeju-united/6564/matches/'),
(81, 19, 'Busan I.Park', 'http://int.soccerway.com/teams/korea-republic/busan-ipark/1375/matches/'),
(82, 19, 'Seongnam FC', 'http://int.soccerway.com/teams/korea-republic/seongnam-ilhwa/1379/matches/'),
(83, 19, 'Gyeongnam FC', 'http://int.soccerway.com/teams/korea-republic/gyeongnam-fc/6565/matches/'),
(84, 19, 'Jeonnam Dragons', 'http://int.soccerway.com/teams/korea-republic/chunnam-dragons/1376/matches/'),
(86, 19, 'Sangju Sangmu Phoenix', 'http://int.soccerway.com/teams/korea-republic/gwangju-sangmu-fc/1378/matches/'),
(88, 20, 'Cruzeiro', 'http://int.soccerway.com/teams/brazil/cruzeiro-esporte-clube-belo-horizonte/304/matches/'),
(89, 20, 'Internacional RS', 'http://int.soccerway.com/teams/brazil/sport-club-internacional/308/matches/'),
(90, 20, 'Botafogo RJ', 'http://int.soccerway.com/teams/brazil/botafogo-de-futebol-e-regatas/323/matches/'),
(91, 20, 'Coritiba', 'http://int.soccerway.com/teams/brazil/coritiba-foot-ball-club-parana/324/matches/'),
(92, 20, 'Bahia', 'http://int.soccerway.com/teams/brazil/esporte-clube-bahia/341/matches/'),
(93, 20, 'Vitoria BA', 'http://int.soccerway.com/teams/brazil/esporte-clube-vitoria/306/matches/'),
(94, 20, 'Gremio Porto Alegre', 'http://int.soccerway.com/teams/brazil/gremio-foot-ball-porto-alegrense/313/matches/'),
(95, 20, 'Chapecoense', 'http://int.soccerway.com/teams/brazil/associacao-chapecoense-kindermannmastervet/6223/matches/'),
(96, 20, 'Santos', 'http://int.soccerway.com/teams/brazil/santos-futebol-clube-sao-paulo/319/matches/'),
(97, 20, 'Goias', 'http://int.soccerway.com/teams/brazil/goias-esporte-clube/307/matches/'),
(98, 20, 'Corinthians', 'http://int.soccerway.com/teams/brazil/sport-club-corinthians-paulista/320/matches/'),
(99, 20, 'Sport Recife', 'http://int.soccerway.com/teams/brazil/sport-club-do-recife/338/matches/'),
(100, 20, 'Atletico Mineiro', 'http://int.soccerway.com/teams/brazil/clube-atletico-mineiro/317/matches/'),
(101, 20, 'Criciuma', 'http://int.soccerway.com/teams/brazil/criciuma-esporte-clube/305/matches/'),
(102, 20, 'Flamengo', 'http://int.soccerway.com/teams/brazil/clube-de-regatas-de-flamengo/318/matches/'),
(103, 20, 'Atletico Paranaense', 'http://int.soccerway.com/teams/brazil/clube-atletico-paranaense/315/matches/'),
(104, 20, 'Fluminense', 'http://int.soccerway.com/teams/brazil/fluminense-football-club/312/matches/'),
(105, 20, 'Sao Paulo', 'http://int.soccerway.com/teams/brazil/sao-paulo-futebol-clube/302/matches/'),
(106, 20, 'Figueirense', 'http://int.soccerway.com/teams/brazil/figueirense-futebol-clube/303/matches/'),
(107, 20, 'Palmeiras', 'http://int.soccerway.com/teams/brazil/sociedade-esportiva-palmeiras/310/matches/'),
(108, 21, 'Club Leon', 'http://int.soccerway.com/teams/mexico/club-leon/1477/matches/'),
(109, 21, 'Pachuca', 'http://int.soccerway.com/teams/mexico/club-pachuca/1466/matches/'),
(110, 21, 'Tiburones Veracruz', 'http://int.soccerway.com/teams/mexico/tr-de-veracruz/1469/matches/'),
(111, 21, 'Monarcas Morelia', 'http://int.soccerway.com/teams/mexico/club-atletico-monarcas-morelia/1464/matches/'),
(112, 21, 'Queretaro', 'http://int.soccerway.com/teams/mexico/queretaro-fc/1474/matches/'),
(113, 21, 'Santos Laguna', 'http://int.soccerway.com/teams/mexico/club-santos-laguna/1468/matches/'),
(114, 21, 'Toluca', 'http://int.soccerway.com/teams/mexico/deportivo-toluca-futbol-club/1471/matches/'),
(115, 21, 'Cruz Azul', 'http://int.soccerway.com/teams/mexico/cdsc-cruz-azul/1461/matches/'),
(116, 21, 'Jaguares de Chiapas', 'http://int.soccerway.com/teams/mexico/club-jaguares-de-chiapas/1463/matches/'),
(117, 21, 'Puebla', 'http://int.soccerway.com/teams/mexico/club-puebla-fc/1467/matches/'),
(118, 21, 'Club Tijuana', 'http://int.soccerway.com/teams/mexico/club-tijuana-xoloitzcuintles-de-caliente/5110/matches/'),
(119, 21, 'Guadalajara Chivas', 'http://int.soccerway.com/teams/mexico/club-guadalajara/1462/matches/'),
(120, 21, 'Atlas', 'http://int.soccerway.com/teams/mexico/club-atlas-de-guadalajara/1460/matches/'),
(121, 21, 'Rayados Monterrey', 'http://int.soccerway.com/teams/mexico/club-de-futbol-monterrey/3087/matches/'),
(122, 21, 'Pumas U.N.A.M.', 'http://int.soccerway.com/teams/mexico/pumas-de-la-universidad-nacional-autonoma-de-mexico/1473/matches/'),
(123, 21, 'Club America', 'http://int.soccerway.com/teams/mexico/club-de-futbol-america/1458/matches/'),
(124, 21, 'Tigres UANL', 'http://int.soccerway.com/teams/mexico/club-tigres-de-la-unl/1470/matches/'),
(126, 22, 'Augsburg', 'http://int.soccerway.com/teams/germany/fc-augsburg/1000/matches/'),
(127, 22, 'Bayer Leverkusen', 'http://int.soccerway.com/teams/germany/bayer-04-leverkusen/963/matches/'),
(128, 22, 'Bayern Munchen', 'http://int.soccerway.com/teams/germany/fc-bayern-munchen/961/matches/'),
(129, 22, 'Borussia Dortmund', 'http://int.soccerway.com/teams/germany/bv-borussia-09-dortmund/964/matches/'),
(130, 22, 'Borussia Monchengladbach', 'http://int.soccerway.com/teams/germany/borussia-monchengladbach/971/matches/'),
(132, 22, 'Eintracht Frankfurt', 'http://int.soccerway.com/teams/germany/eintracht-frankfurt/979/matches/'),
(133, 22, 'SC Freiburg', 'http://int.soccerway.com/teams/germany/sc-freiburg/970/matches/'),
(134, 22, 'Hamburger SV', 'http://int.soccerway.com/teams/germany/hamburger-sv/967/matches/'),
(135, 22, 'Hannover 96', 'http://int.soccerway.com/teams/germany/hannover-96/972/matches/'),
(136, 22, 'Hertha Berlin', 'http://int.soccerway.com/teams/germany/hertha-bsc-berlin/974/matches/'),
(137, 22, 'TSG Hoffenheim', 'http://int.soccerway.com/teams/germany/tsg-1899-hoffenheim-ev/1001/matches/'),
(138, 22, 'FSV Mainz 05', 'http://int.soccerway.com/teams/germany/1-fsv-mainz-05/977/matches/'),
(140, 22, 'Schalke 04', 'http://int.soccerway.com/teams/germany/fc-schalke-04/966/matches/'),
(141, 22, 'VfB Stuttgart', 'http://int.soccerway.com/teams/germany/vfb-stuttgart-1893-ev/962/matches/'),
(142, 22, 'Werder Bremen', 'http://int.soccerway.com/teams/germany/sv-werder-bremen/960/matches/'),
(143, 22, 'Wolfsburg', 'http://int.soccerway.com/teams/germany/vfl-wolfsburg/968/matches/'),
(146, 24, 'Arsenal de Sarandi', 'http://int.soccerway.com/teams/argentina/arsenal-de-sarandi/92/matches/'),
(147, 24, 'Atletico Rafaela', 'http://int.soccerway.com/teams/argentina/atletico-de-rafaela/93/matches/'),
(148, 25, 'ADO Den Haag', 'http://int.soccerway.com/teams/netherlands/hfc-ado-den-haag/1514/matches/'),
(149, 25, 'AZ Alkmaar', 'http://int.soccerway.com/teams/netherlands/stichting-az/1516/matches/'),
(150, 25, 'Ajax', 'http://int.soccerway.com/teams/netherlands/afc-ajax/1515/matches/'),
(151, 24, 'Belgrano de Cordoba', 'http://int.soccerway.com/teams/argentina/ca-belgrano-de-cordoba/114/matches/'),
(152, 24, 'Boca Juniors', 'http://int.soccerway.com/teams/argentina/boca-juniors/95/matches/'),
(154, 24, 'Estudiantes La Plata', 'http://int.soccerway.com/teams/argentina/estudiantes-de-la-plata/98/matches/'),
(155, 24, 'Gimnasia La Plata', 'http://int.soccerway.com/teams/argentina/gimnasia-y-esgrima-la-plata/99/matches/'),
(156, 24, 'Godoy Cruz Antonio Tomba', 'http://int.soccerway.com/teams/argentina/godoy-cruz-antonio-tomba/122/matches/'),
(157, 24, 'Lanus', 'http://int.soccerway.com/teams/argentina/ca-lanus/101/matches/'),
(158, 24, 'Newells Old Boys', 'http://int.soccerway.com/teams/argentina/newell-s-old-boys/102/matches/'),
(159, 24, 'Olimpo Bahia Blanca', 'http://int.soccerway.com/teams/argentina/club-olimpo/104/matches/'),
(160, 24, 'Quilmes', 'http://int.soccerway.com/teams/argentina/quilmes-atletico-club/105/matches/'),
(161, 24, 'Racing Club', 'http://int.soccerway.com/teams/argentina/racing-club-de-avellaneda/106/matches/'),
(162, 24, 'River Plate', 'http://int.soccerway.com/teams/argentina/club-atletico-river-plate/107/matches/'),
(163, 24, 'Rosario Central', 'http://int.soccerway.com/teams/argentina/club-atletico-rosario-central/108/matches/'),
(164, 24, 'San Lorenzo', 'http://int.soccerway.com/teams/argentina/club-atletico-san-lorenzo-de-almagro/109/matches/'),
(165, 24, 'Club Atletico Tigre', 'http://int.soccerway.com/teams/argentina/club-atletico-tigre/5032/matches/'),
(166, 24, 'Velez Sarsfield', 'http://int.soccerway.com/teams/argentina/club-atletico-velez-sarsfield/111/matches/'),
(167, 25, 'Cambuur Leeuwarden', 'http://int.soccerway.com/teams/netherlands/stichting-cambuur-leeuwarden-bvo/1547/matches/'),
(168, 25, 'Feyenoord', 'http://int.soccerway.com/teams/netherlands/feyenoord-rotterdam-nv/1518/matches/'),
(169, 25, 'Go Ahead Eagles', 'http://int.soccerway.com/teams/netherlands/stichting-go-ahead-eagles/1540/matches/'),
(170, 25, 'Groningen', 'http://int.soccerway.com/teams/netherlands/stichting-fc-groningen/1527/matches/'),
(171, 25, 'Heerenveen', 'http://int.soccerway.com/teams/netherlands/sportclub-heerenveen/1519/matches/'),
(172, 25, 'Heracles Almelo', 'http://int.soccerway.com/teams/netherlands/stichting-heracles-almelo/1536/matches/'),
(173, 25, 'NAC Breda', 'http://int.soccerway.com/teams/netherlands/nac-bv/1524/matches/'),
(175, 25, 'PEC Zwolle', 'http://int.soccerway.com/teams/netherlands/bvo-fc-zwolle/1529/matches/'),
(176, 25, 'PSV Eindhoven', 'http://int.soccerway.com/teams/netherlands/psv-nv/1517/matches/'),
(179, 25, 'FC Twente Enschede', 'http://int.soccerway.com/teams/netherlands/stichting-fc-twente-65/1522/matches/'),
(180, 25, 'FC Utrecht', 'http://int.soccerway.com/teams/netherlands/stichting-fc-utrecht/1523/matches/'),
(181, 25, 'Vitesse Arnhem', 'http://int.soccerway.com/teams/netherlands/sbv-vitesse/1530/matches/'),
(183, 13, 'Atalanta', 'http://int.soccerway.com/teams/italy/atalanta-bergamo/1255/matches/'),
(185, 23, 'SC Bastia', 'http://int.soccerway.com/teams/france/sporting-club-de-bastia/897/matches/'),
(186, 23, 'Bordeaux', 'http://int.soccerway.com/teams/france/fc-girondins-de-bordeaux/891/matches/'),
(187, 23, 'Evian Thonon Gaillard', 'http://int.soccerway.com/teams/france/football-croix-de-savoie-74/2925/matches/'),
(188, 23, 'Guingamp', 'http://int.soccerway.com/teams/france/en-avant-de-guingamp/904/matches/'),
(189, 23, 'Lille', 'http://int.soccerway.com/teams/france/lille-olympique-sporting-club-metropole/895/matches/'),
(190, 23, 'Lorient', 'http://int.soccerway.com/teams/france/football-cub-lorient-bretagne-sud/907/matches/'),
(191, 23, 'Montpellier', 'http://int.soccerway.com/teams/france/montpellier-herault-sport-club/906/matches/'),
(192, 23, 'Nantes', 'http://int.soccerway.com/teams/france/fc-nantes/889/matches/'),
(193, 23, 'Nice', 'http://int.soccerway.com/teams/france/olympique-gymnaste-club-de-nice-cote-dazur/894/matches/'),
(194, 23, 'Lyon', 'http://int.soccerway.com/teams/france/olympique-lyonnais/884/matches/'),
(195, 23, 'Marseille', 'http://int.soccerway.com/teams/france/olympique-de-marseille/890/matches/'),
(196, 23, 'Paris Saint Germain', 'http://int.soccerway.com/teams/france/paris-saint-germain-fc/886/matches/'),
(197, 23, 'Reims', 'http://int.soccerway.com/teams/france/stade-de-reims/921/matches/'),
(198, 23, 'Rennes', 'http://int.soccerway.com/teams/france/stade-rennais-fc/893/matches/'),
(199, 23, 'Saint Etienne', 'http://int.soccerway.com/teams/france/association-sportive-de-saint-etienne-loire/901/matches/'),
(201, 23, 'Toulouse', 'http://int.soccerway.com/teams/france/toulouse-fc/899/matches/'),
(203, 23, 'AS Monaco', 'http://int.soccerway.com/teams/monaco/association-sportive-monaco-fc/885/matches/'),
(204, 28, 'Academica Coimbra', 'http://int.soccerway.com/teams/portugal/associacao-academica-de-coimbra/1690/matches/'),
(205, 28, 'FC Arouca', 'http://int.soccerway.com/teams/portugal/fc-arouca/11611/matches/'),
(206, 28, 'Belenenses', 'http://int.soccerway.com/teams/portugal/clube-futebol--os-belenenses/1692/matches/'),
(207, 28, 'Benfica', 'http://int.soccerway.com/teams/portugal/benfica/1679/matches/'),
(208, 28, 'Estoril Praia', 'http://int.soccerway.com/teams/portugal/gd-estoril-praia/1695/matches/'),
(209, 28, 'Gil Vicente', 'http://int.soccerway.com/teams/portugal/gil-vicente-fc/2572/matches/'),
(210, 28, 'Marítimo', 'http://int.soccerway.com/teams/portugal/maritimo-funchal/1684/matches/'),
(211, 28, 'Nacional da Madeira', 'http://int.soccerway.com/teams/portugal/clube-desportivo-nacional/1681/matches/'),
(213, 28, 'Pacos de Ferreira', 'http://int.soccerway.com/teams/portugal/pacos-ferreira/1693/matches/'),
(214, 28, 'Porto', 'http://int.soccerway.com/teams/portugal/futebol-clube-do-porto/1678/matches/'),
(215, 28, 'Rio Ave', 'http://int.soccerway.com/teams/portugal/rio-ave-fc/1683/matches/'),
(216, 28, 'Sporting Braga', 'http://int.soccerway.com/teams/portugal/sporting-braga/1682/matches/'),
(217, 28, 'Sporting Lisbon', 'http://int.soccerway.com/teams/portugal/sporting-clube-de-portugal/1680/matches/'),
(218, 28, 'Vitoria Guimaraes', 'http://int.soccerway.com/teams/portugal/vitoria-guimaraes/1689/matches/'),
(219, 28, 'Vitoria Setubal', 'http://int.soccerway.com/teams/portugal/vitoria-setubal/1696/matches/'),
(220, 30, 'Spartak Moscow', 'http://int.soccerway.com/teams/russia/fk-spartak-moskva/1844/matches/'),
(221, 30, 'Rostov FK', 'http://int.soccerway.com/teams/russia/fk-rostov-na-donu/1854/matches/'),
(222, 30, 'CSKA Moscow', 'http://int.soccerway.com/teams/russia/cska-moskva/1842/matches/'),
(223, 30, 'Rubin Kazan', 'http://int.soccerway.com/teams/russia/rubin-kazan/1852/matches/'),
(224, 30, 'Kuban Krasnodar', 'http://int.soccerway.com/teams/russia/fc-kuban-krasnodar/1853/matches/'),
(225, 30, 'Amkar Perm', 'http://int.soccerway.com/teams/russia/fk-amkar-perm/1851/matches/'),
(226, 30, 'Lokomotiv Moscow', 'http://int.soccerway.com/teams/russia/fk-lokomotiv-moscow/1843/matches/'),
(227, 30, 'Zenit St. Petersburg', 'http://int.soccerway.com/teams/russia/fk-zenit-sankt-petersburg/1841/matches/'),
(228, 30, 'FC Krasnodar', 'http://int.soccerway.com/teams/russia/fk-krasnodar/10610/matches/'),
(229, 30, 'Dynamo Moscow', 'http://int.soccerway.com/teams/russia/fk-dinamo-moskva/1845/matches/'),
(232, 30, 'Terek Grozny', 'http://int.soccerway.com/teams/russia/terek-groznyi/1856/matches/'),
(234, 30, 'Ural Sverdlovsk Oblast', 'http://int.soccerway.com/teams/russia/ural-sverdlovskaya-oblast/3750/matches/'),
(236, 31, 'Helsingborgs', 'http://int.soccerway.com/teams/sweden/helsingborgs-idrottsforening/2155/matches/'),
(237, 31, 'Malmo', 'http://int.soccerway.com/teams/sweden/malmo-fotbollsforening/2146/matches/'),
(238, 31, 'AIK Solna', 'http://int.soccerway.com/teams/sweden/allmanna-idrottsklubben/2153/matches/'),
(239, 31, 'IFK Goteborg', 'http://int.soccerway.com/teams/sweden/ildrottsforeningen-kamraterna-goteborg/2149/matches/'),
(240, 31, 'Elfsborg', 'http://int.soccerway.com/teams/sweden/idrottsforening-elfsborg/2158/matches/'),
(241, 31, 'Kalmar', 'http://int.soccerway.com/teams/sweden/kalmar-fotbollsforening/2148/matches/'),
(242, 31, 'Atvidabergs', 'http://int.soccerway.com/teams/sweden/atvidabergs-fotbollsforening/2166/matches/'),
(243, 31, 'Mjallby', 'http://int.soccerway.com/teams/sweden/mjallby-aif/2466/matches/'),
(244, 31, 'IFK Norrkoping FK', 'http://int.soccerway.com/teams/sweden/ildrottsforening-kamraterna-norrkoping/2163/matches/'),
(245, 31, 'BK Hacken', 'http://int.soccerway.com/teams/sweden/bollklubben-hacken/2398/matches/'),
(246, 31, 'Gefle', 'http://int.soccerway.com/teams/sweden/gefle-idrottsforening/2456/matches/'),
(247, 31, 'Djurgardens', 'http://int.soccerway.com/teams/sweden/djurgardens-fotbollsforening/2150/matches/'),
(248, 31, 'Halmstad', 'http://int.soccerway.com/teams/sweden/halmstads-bollklubb/2145/matches/'),
(249, 31, 'Falkenberg', 'http://int.soccerway.com/teams/sweden/falkenbergs-fotbollsforening/2171/matches/'),
(250, 31, 'Brommapojkarna', 'http://int.soccerway.com/teams/sweden/ildrottsforening--brommapojkarna/2162/matches/'),
(251, 31, 'Orebro', 'http://int.soccerway.com/teams/sweden/orebro-sportklubb-fotboll/2156/matches/'),
(252, 32, 'Aberdeen', 'http://int.soccerway.com/teams/scotland/aberdeen-fc/1908/matches/'),
(253, 32, 'Celtic FC', 'http://int.soccerway.com/teams/scotland/celtic-fc/1898/matches/'),
(254, 32, 'Dundee United', 'http://int.soccerway.com/teams/scotland/dundee-united-fc/1903/matches/'),
(257, 32, 'Inverness', 'http://int.soccerway.com/teams/scotland/inverness-caledonian-thistle-fc/1911/matches/'),
(258, 32, 'Kilmarnock', 'http://int.soccerway.com/teams/scotland/kilmarnock-fc/1906/matches/'),
(259, 32, 'Motherwell', 'http://int.soccerway.com/teams/scotland/motherwell-fc/1902/matches/'),
(260, 32, 'Partick Thistle', 'http://int.soccerway.com/teams/scotland/partick-thistle-fc/1909/matches/'),
(261, 32, 'Ross County', 'http://int.soccerway.com/teams/scotland/ross-county-fc/1914/matches/'),
(262, 32, 'Saint Johnstone', 'http://int.soccerway.com/teams/scotland/saint-johnstone-fc/1912/matches/'),
(263, 32, 'Saint Mirren', 'http://int.soccerway.com/teams/scotland/saint-mirren-fc/1916/matches/'),
(264, 33, 'Racing Genk', 'http://int.soccerway.com/teams/belgium/krc-genk/228/matches/'),
(265, 33, 'Club Brugge', 'http://int.soccerway.com/teams/belgium/club-brugge-kv/219/matches/'),
(266, 33, 'Standard Liege', 'http://int.soccerway.com/teams/belgium/standard-de-liege/230/matches/'),
(267, 33, 'Lokeren', 'http://int.soccerway.com/teams/belgium/sporting-lokeren-oost-vlaanderen/225/matches/'),
(268, 33, 'Zulte Waregem', 'http://int.soccerway.com/teams/belgium/sv-zulte-waregem/236/matches/'),
(269, 33, 'Kortrijk', 'http://int.soccerway.com/teams/belgium/kv-kortrijk/251/matches/'),
(270, 33, 'Cercle Brugge', 'http://int.soccerway.com/teams/belgium/cercle-brugge-ksv/217/matches/'),
(271, 33, 'KAA Gent', 'http://int.soccerway.com/teams/belgium/koninklijke-atletiek-associatie-gent/214/matches/'),
(273, 33, 'Waasland Beveren', 'http://int.soccerway.com/teams/belgium/kv-red-star-waasland/250/matches/'),
(274, 33, 'Anderlecht', 'http://int.soccerway.com/teams/belgium/royal-sporting-club-anderlecht/215/matches/'),
(275, 33, 'Lierse', 'http://int.soccerway.com/teams/belgium/koninklijke-lierse-sportkring/224/matches/'),
(277, 33, 'Mechelen', 'http://int.soccerway.com/teams/belgium/kv-mechelen/256/matches/'),
(278, 33, 'Charleroi', 'http://int.soccerway.com/teams/belgium/royal-charleroi-sporting-club/218/matches/'),
(279, 33, 'Oostende', 'http://int.soccerway.com/teams/belgium/kv-oostende/227/matches/'),
(280, 34, 'Adelaide United', 'http://int.soccerway.com/teams/australia/adelaide-united/143/matches/'),
(281, 34, 'Brisbane Roar', 'http://int.soccerway.com/teams/australia/brisbane-roar-fc/4321/matches/'),
(282, 34, 'Central Coast Mariners', 'http://int.soccerway.com/teams/australia/central-coast-mariners-fc/4317/matches/'),
(283, 34, 'Melbourne Heart', 'http://int.soccerway.com/teams/australia/melbourne-heart-fc/15320/matches/'),
(284, 34, 'Melbourne Victory', 'http://int.soccerway.com/teams/australia/melbourne-victory-fc/4318/matches/'),
(285, 34, 'Newcastle Jets', 'http://int.soccerway.com/teams/australia/newcastle-jets-fc/4320/matches/'),
(286, 34, 'Perth Glory', 'http://int.soccerway.com/teams/australia/perth-glory-fc/152/matches/'),
(287, 34, 'Sydney', 'http://int.soccerway.com/teams/australia/sydney-fc/4295/matches/'),
(288, 34, 'Wellington Phoenix', 'http://int.soccerway.com/teams/new-zealand/wellington-phoenix/8542/matches/'),
(289, 34, 'Western Sydney Wanderers', 'http://int.soccerway.com/teams/australia/west-sydney-fc/21585/matches/'),
(290, 35, 'yuy', 'yuy.com'),
(292, 48, 'yay', 'yayay'),
(294, 49, 'Cagliari', 'http://int.soccerway.com/teams/italy/cagliari-calcio/1256/matches/'),
(296, 49, 'Chievo', 'http://int.soccerway.com/teams/italy/ac-chievo-verona/1248/matches/'),
(297, 49, 'Fiorentina', 'http://int.soccerway.com/teams/italy/acf-fiorentina/1259/matches/'),
(298, 49, 'Genoa', 'http://int.soccerway.com/teams/italy/genoa-cfc/1276/matches/'),
(299, 49, 'Hellas Verona', 'http://int.soccerway.com/teams/italy/hellas-verona-fc/1277/matches/'),
(300, 49, 'Inter Milan', 'http://int.soccerway.com/teams/italy/fc-internazionale-milano/1244/matches/'),
(301, 49, 'Juventus', 'http://int.soccerway.com/teams/italy/juventus-fc/1242/matches/'),
(302, 49, 'Lazio', 'http://int.soccerway.com/teams/italy/ss-lazio-roma/1245/matches/'),
(304, 49, 'AC Milan', 'http://int.soccerway.com/teams/italy/ac-milan/1240/matches/'),
(305, 49, 'Napoli', 'http://int.soccerway.com/teams/italy/ssc-napoli/1270/matches/'),
(306, 49, 'Parma', 'http://int.soccerway.com/teams/italy/parma-fc/1243/matches/'),
(307, 49, 'Roma', 'http://int.soccerway.com/teams/italy/as-roma/1241/matches/'),
(308, 49, 'Sampdoria', 'http://int.soccerway.com/teams/italy/uc-sampdoria/1247/matches/'),
(309, 49, 'Sassuolo', 'http://int.soccerway.com/teams/italy/us-sassuolo-calcio/5681/matches/'),
(310, 49, 'Torino', 'http://int.soccerway.com/teams/italy/torino-fc/1268/matches/'),
(311, 49, 'Udinese', 'http://int.soccerway.com/teams/italy/udinese-calcio/1246/matches/'),
(312, 38, 'Almeria', 'http://int.soccerway.com/teams/spain/union-deportiva-almeria/2049/matches/'),
(313, 38, 'Athletic Bilbao', 'http://int.soccerway.com/teams/spain/athletic-club/2019/matches/'),
(314, 38, 'Atletico Madrid', 'http://int.soccerway.com/teams/spain/club-atletico-de-madrid/2020/matches/'),
(315, 38, 'Barcelona', 'http://int.soccerway.com/teams/spain/futbol-club-barcelona/2017/matches/'),
(316, 38, 'Celta Vigo', 'http://int.soccerway.com/teams/spain/real-club-celta-de-vigo/2033/matches/'),
(317, 38, 'Elche', 'http://int.soccerway.com/teams/spain/elche-club-de-futbol/2043/matches/'),
(318, 38, 'RCD Espanyol', 'http://int.soccerway.com/teams/spain/reial-club-deportiu-espanyol/2032/matches/'),
(319, 38, 'Getafe', 'http://int.soccerway.com/teams/spain/getafe-club-de-futbol/2039/matches/'),
(320, 38, 'Granada', 'http://int.soccerway.com/teams/spain/granada-club-de-futbol/7072/matches/'),
(321, 38, 'Levante', 'http://int.soccerway.com/teams/spain/levante-union-deportiva/2036/matches/'),
(322, 38, 'Malaga', 'http://int.soccerway.com/teams/spain/malaga-club-de-futbol/2024/matches/'),
(324, 38, 'Rayo Vallecano', 'http://int.soccerway.com/teams/spain/rayo-vallecano/2054/matches/'),
(326, 38, 'Real Madrid', 'http://int.soccerway.com/teams/spain/real-madrid-club-de-futbol/2016/matches/'),
(327, 38, 'Real Sociedad', 'http://int.soccerway.com/teams/spain/real-sociedad-de-futbol/2028/matches/'),
(329, 38, 'Sevilla', 'http://int.soccerway.com/teams/spain/sevilla-futbol-club/2021/matches/'),
(330, 38, 'Valencia', 'http://int.soccerway.com/teams/spain/valencia-club-de-futbol/2015/matches/'),
(331, 38, 'Villarreal', 'http://int.soccerway.com/teams/spain/villarreal-club-de-futbol/2023/matches/'),
(332, 29, 'Akhisar Belediyespor', 'http://int.soccerway.com/teams/turkey/akhisar-belediye-gs/11703/matches/'),
(334, 29, 'Besiktas', 'http://int.soccerway.com/teams/turkey/besiktas-jk/2214/matches/'),
(335, 29, 'Bursaspor', 'http://int.soccerway.com/teams/turkey/bursaspor/2227/matches/'),
(337, 29, 'Eskisehirspor', 'http://int.soccerway.com/teams/turkey/eskisehirspor/2347/matches/'),
(338, 29, 'Fenerbahce', 'http://int.soccerway.com/teams/turkey/fenerbahce-spor-kulubu/2212/matches/'),
(339, 29, 'Galatasaray', 'http://int.soccerway.com/teams/turkey/galatasaray-sk/2217/matches/'),
(340, 29, 'Gaziantepspor', 'http://int.soccerway.com/teams/turkey/gaziantepspor/2216/matches/'),
(341, 29, 'Genclerbirligi', 'http://int.soccerway.com/teams/turkey/genclerbirligi/2219/matches/'),
(342, 29, 'Kardemir Karabukspor', 'http://int.soccerway.com/teams/turkey/kardemir-dc-karabukspor/2351/matches/'),
(343, 29, 'Kasimpasa', 'http://int.soccerway.com/teams/turkey/kasimpasa-sk/6900/matches/'),
(345, 29, 'Kayserispor', 'http://int.soccerway.com/teams/turkey/kayserispor/2235/matches/'),
(346, 29, 'Konyaspor', 'http://int.soccerway.com/teams/turkey/konyaspor/2223/matches/'),
(347, 29, 'Caykur Rizespor', 'http://int.soccerway.com/teams/turkey/caykur-rizespor/2224/matches/'),
(348, 29, 'Sivasspor', 'http://int.soccerway.com/teams/turkey/sivasspor/2238/matches/'),
(349, 29, 'Trabzonspor', 'http://int.soccerway.com/teams/turkey/trabzonspor/2213/matches/'),
(350, 50, 'Guangzhou Evergrande', 'http://int.soccerway.com/teams/china-pr/guangzhou-yiyao/6648/matches/'),
(351, 50, 'Shandong Luneng', 'http://int.soccerway.com/teams/china-pr/shandong-luneng/434/matches/'),
(352, 50, 'Guizhou Renhe', 'http://int.soccerway.com/teams/china-pr/shanxi-baorong/6557/matches/'),
(353, 50, 'Beijing Guoan', 'http://int.soccerway.com/teams/china-pr/beijing-guoan-football-club/429/matches/'),
(354, 50, 'Liaoning Whowin', 'http://int.soccerway.com/teams/china-pr/liaoning-fc/3139/matches/'),
(355, 50, 'Dalian Aerbin', 'http://int.soccerway.com/teams/china-pr/dalian-aerbin-fc/18585/matches/'),
(356, 50, 'Henan Jianye', 'http://int.soccerway.com/teams/china-pr/henan-jianye/442/matches/'),
(357, 50, 'Shanghai East Asia', 'http://int.soccerway.com/teams/china-pr/shanghai-east-asia/10655/matches/'),
(358, 50, 'Guangzhou Fuli', 'http://int.soccerway.com/teams/china-pr/changsha-ginde/425/matches/'),
(359, 50, 'Jiangsu Sainty', 'http://int.soccerway.com/teams/china-pr/jiangsu-shuntian/441/matches/'),
(360, 50, 'Shanghai Greenland', 'http://int.soccerway.com/teams/china-pr/shanghai-shenhua/433/matches/'),
(361, 50, 'Hangzhou Greentown', 'http://int.soccerway.com/teams/china-pr/zhejiang-lucheng/446/matches/'),
(362, 50, 'Shanghai Shenxin', 'http://int.soccerway.com/teams/china-pr/nanchang-bayi/6649/matches/'),
(363, 50, 'Tianjin Teda', 'http://int.soccerway.com/teams/china-pr/tianjin-teda/431/matches/'),
(364, 50, 'Changchun Yatai', 'http://int.soccerway.com/teams/china-pr/changchun-yatai/437/matches/'),
(365, 50, 'Harbin Yiteng', 'http://int.soccerway.com/teams/china-pr/yantai-yiteng-jufeng/8370/matches/'),
(366, 51, 'Honka Espoo', 'http://int.soccerway.com/teams/finland/football-club-honka/829/matches/'),
(367, 51, 'HJK Helsinki', 'http://int.soccerway.com/teams/finland/helsingin-jalkapallokubi/820/matches/'),
(368, 51, 'Jaro', 'http://int.soccerway.com/teams/finland/ff-jaro-js-pietarsaari--jakobstad/810/matches/'),
(369, 51, 'Vaasa VPS', 'http://int.soccerway.com/teams/finland/vaasan-palloseura/825/matches/'),
(370, 51, 'IFK Mariehamn', 'http://int.soccerway.com/teams/finland/idrottsforeningen-kamraterna-mariehamn/826/matches/'),
(371, 51, 'TPS Turku', 'http://int.soccerway.com/teams/finland/turku-palloseura/819/matches/'),
(372, 51, 'RoPS Rovaniemi', 'http://int.soccerway.com/teams/finland/rops-rovaniemi/812/matches/'),
(373, 51, 'KuPS', 'http://int.soccerway.com/teams/finland/kuopion-palloseuraoy/821/matches/'),
(374, 51, 'MyPa', 'http://int.soccerway.com/teams/finland/myllykosken-pallo-1947/816/matches/'),
(375, 51, 'Lahti', 'http://int.soccerway.com/teams/finland/football-club-lahti/817/matches/'),
(376, 51, 'Inter Turku', 'http://int.soccerway.com/teams/finland/football-club-inter-turku/808/matches/'),
(377, 51, 'Seinajoen JK', 'http://int.soccerway.com/teams/finland/seinajoen-jalkapallo-kerho/10247/matches/'),
(378, 52, 'Aguilas Doradas', 'http://int.soccerway.com/teams/colombia/itagui-ditaires/6924/matches/'),
(379, 52, 'Junior Barranquilla', 'http://int.soccerway.com/teams/colombia/corporacion-popular-deportiva-junior/458/matches/'),
(380, 52, 'Deportivo Cali', 'http://int.soccerway.com/teams/colombia/deportivo-cali/459/matches/'),
(381, 52, 'Atletico Nacional Medellin', 'http://int.soccerway.com/teams/colombia/atletico-nacional/456/matches/'),
(382, 52, 'La Equidad Bogota', 'http://int.soccerway.com/teams/colombia/la-equidad/6922/matches/'),
(383, 52, 'Deportes Tolima', 'http://int.soccerway.com/teams/colombia/deportes-tolima/461/matches/'),
(384, 52, 'Deportivo Pasto', 'http://int.soccerway.com/teams/colombia/deportivo-pasto/462/matches/'),
(385, 52, 'Universidad Autonoma', 'http://int.soccerway.com/teams/colombia/universidad-autonoma-del-caribe-fc/17616/matches/'),
(386, 52, 'Independiente Medellin', 'http://int.soccerway.com/teams/colombia/corporacion-deportiva-independiente-medellin/464/matches/'),
(387, 52, 'Millonarios Bogota', 'http://int.soccerway.com/teams/colombia/club-deportivo-los-millonarios/465/matches/'),
(388, 52, 'Santa Fe Bogota', 'http://int.soccerway.com/teams/colombia/independiente-santa-fe/469/matches/'),
(389, 52, 'Boyaca Chico', 'http://int.soccerway.com/teams/colombia/deportivo-boyaca-chico-futbol-club/463/matches/'),
(390, 52, 'Patriotas Tunja', 'http://int.soccerway.com/teams/colombia/patriotas-fc/6932/matches/'),
(391, 52, 'Alianza Petrolera', 'http://int.soccerway.com/teams/colombia/alianza-petrolera/6936/matches/'),
(392, 52, 'Atletico Huila', 'http://int.soccerway.com/teams/colombia/cd-atletico-huila/468/matches/'),
(393, 52, 'Envigado FC', 'http://int.soccerway.com/teams/colombia/envigado-futbol-club/470/matches/'),
(394, 52, 'Fortaleza FC', 'http://int.soccerway.com/teams/colombia/juventud-soacha/10528/matches/'),
(395, 52, 'Once Caldas', 'http://int.soccerway.com/teams/colombia/corperacion-deportiva-once-caldas/457/matches/'),
(396, 53, 'Shakhtar Donetsk', 'http://int.soccerway.com/teams/ukraine/joint-stock-company-fc-shakhtar-donetsk/2254/matches/'),
(397, 53, 'Metallist Kharkiv', 'http://int.soccerway.com/teams/ukraine/fc-metalist-kharkiv/3054/matches/'),
(398, 53, 'Dnipro Dnipropetrovsk', 'http://int.soccerway.com/teams/ukraine/fc-dnipro-dnipropetrovsk/2255/matches/'),
(399, 53, 'Zorya Luhansk', 'http://int.soccerway.com/teams/ukraine/fc-zorya-luhansk/3704/matches/'),
(400, 53, 'Dynamo Kyiv', 'http://int.soccerway.com/teams/ukraine/fc-dynamo-kyiv/2253/matches/'),
(401, 53, 'Metalurh Zaporizhya', 'http://int.soccerway.com/teams/ukraine/fc-metalurh-zaporizhya/2266/matches/'),
(402, 53, 'Vorskla Poltava', 'http://int.soccerway.com/teams/ukraine/fc-vorskla-poltava/2265/matches/'),
(403, 53, 'Chornomorets Odessa', 'http://int.soccerway.com/teams/ukraine/fc-chornomorets-odessa/2257/matches/'),
(404, 53, 'Hoverla Uzhhorod', 'http://int.soccerway.com/teams/ukraine/fc-zakarpattia-uzhhorod/3055/matches/'),
(405, 53, 'Metalurh Donetsk', 'http://int.soccerway.com/teams/ukraine/fc-metalurh-donetsk/2256/matches/'),
(407, 53, 'FC Sevastopol', 'http://int.soccerway.com/teams/ukraine/pfc-sevastopol/7123/matches/'),
(408, 53, 'Illichivets Mariupol', 'http://int.soccerway.com/teams/ukraine/fc-illychivets-mariupol/2260/matches/'),
(409, 53, 'Volyn Lutsk', 'http://int.soccerway.com/teams/ukraine/fc-volyn-lutsk/2261/matches/'),
(410, 53, 'Karpaty Lviv', 'http://int.soccerway.com/teams/ukraine/fc-karpaty-lviv/2267/matches/'),
(412, 55, 'Young Boys', 'http://int.soccerway.com/teams/switzerland/bsc-young-boys-bern/2175/matches/'),
(413, 55, 'Luzern', 'http://int.soccerway.com/teams/switzerland/fc-luzern/2193/matches/'),
(414, 55, 'Grasshopper', 'http://int.soccerway.com/teams/switzerland/grasshopper-club-zurich/2178/matches/'),
(415, 55, 'Basel', 'http://int.soccerway.com/teams/switzerland/fc-basel/2174/matches/'),
(416, 55, 'St. Gallen', 'http://int.soccerway.com/teams/switzerland/fc-sankt-gallen-1879/2177/matches/'),
(417, 55, 'Zürich', 'http://int.soccerway.com/teams/switzerland/fc-zurich/2179/matches/'),
(418, 55, 'Thun', 'http://int.soccerway.com/teams/switzerland/fc-thun/2180/matches/'),
(419, 55, 'Aarau', 'http://int.soccerway.com/teams/switzerland/fc-aarau/2181/matches/'),
(420, 55, 'Sion', 'http://int.soccerway.com/teams/switzerland/fc-sion/2189/matches/'),
(424, 54, 'Asteras Tripolis', 'http://int.soccerway.com/teams/greece/asteras-tripolis/5693/matches/'),
(425, 54, 'Atromitos', 'http://int.soccerway.com/teams/greece/pae-aps-atromitos-athens/1067/matches/'),
(426, 54, 'Ergotelis', 'http://int.soccerway.com/teams/greece/ergotelis/1057/matches/'),
(427, 54, 'AEL Kalloni', 'http://int.soccerway.com/teams/greece/ael-kallonis/16860/matches/'),
(428, 54, 'Levadiakos', 'http://int.soccerway.com/teams/greece/levadiakos-fc/1062/matches/'),
(429, 54, 'OFI', 'http://int.soccerway.com/teams/greece/ofi-heraklion-fc/1048/matches/'),
(430, 54, 'Olympiacos', 'http://int.soccerway.com/teams/greece/olympiakos-cfp/1040/matches/'),
(431, 54, 'PAOK', 'http://int.soccerway.com/teams/greece/paok-fc/1041/matches/'),
(432, 54, 'PAS Giannina', 'http://int.soccerway.com/teams/greece/pas-giannina/1068/matches/'),
(433, 54, 'Panetolikos', 'http://int.soccerway.com/teams/greece/panaitolikos-agrinio/2939/matches/'),
(434, 54, 'Panathinaikos', 'http://int.soccerway.com/teams/greece/panathinaikos-fc/1039/matches/'),
(435, 54, 'Panionios', 'http://int.soccerway.com/teams/greece/panionios-nfc/1044/matches/'),
(436, 54, 'Panthrakikos', 'http://int.soccerway.com/teams/greece/panthrakikos/5697/matches/'),
(437, 54, 'Platanias', 'http://int.soccerway.com/teams/greece/platanias/14447/matches/'),
(438, 54, 'Veria', 'http://int.soccerway.com/teams/greece/veria-fc/1081/matches/'),
(439, 54, 'SKODA Xanthi', 'http://int.soccerway.com/teams/greece/ao-xanthi/1047/matches/'),
(440, 49, 'Atalanta', 'http://int.soccerway.com/teams/italy/atalanta-bergamo/1255/matches/'),
(441, 57, 'Italy', 'http://int.soccerway.com/teams/italy/italy/1318/matches/'),
(442, 57, 'Spain', 'http://int.soccerway.com/teams/spain/spain/2137/matches/'),
(443, 57, 'England', 'http://int.soccerway.com/teams/england/england/774/matches/'),
(444, 57, 'Brazil', 'http://int.soccerway.com/teams/brazil/brazil/349/matches/'),
(445, 57, 'Argentina', 'http://int.soccerway.com/teams/argentina/argentina/132/matches/'),
(446, 57, 'France', 'http://int.soccerway.com/teams/france/france/944/matches/'),
(447, 57, 'Netherlands', 'http://int.soccerway.com/teams/netherlands/netherlands/1552/matches/'),
(448, 57, 'USA', 'http://int.soccerway.com/teams/united-states/united-states-of-america/2281/matches/'),
(449, 57, 'Mexico', 'http://int.soccerway.com/teams/mexico/mexico/1497/matches/'),
(450, 57, 'Germany', 'http://int.soccerway.com/teams/germany/germany/1037/matches/'),
(451, 57, 'Turkey', 'http://int.soccerway.com/teams/turkey/turkey/2248/matches/'),
(452, 57, 'Japan', 'http://int.soccerway.com/teams/japan/japan/1348/matches/'),
(453, 57, 'Chile', 'http://int.soccerway.com/teams/chile/chile/424/matches/'),
(454, 57, 'Uruguay', 'http://int.soccerway.com/teams/uruguay/uruguay/2300/matches/'),
(455, 57, 'Portugal', 'http://int.soccerway.com/teams/portugal/portugal/1772/matches/'),
(456, 57, 'Switzerland', 'http://int.soccerway.com/teams/switzerland/switzerland/2201/matches/'),
(457, 57, 'Czech Republic', 'http://int.soccerway.com/teams/czech-republic/czech-republic/597/matches/'),
(458, 57, 'Greece', 'http://int.soccerway.com/teams/greece/greece/1091/matches/'),
(459, 57, 'Croatia', 'http://int.soccerway.com/teams/croatia/croatia/514/matches/'),
(460, 57, 'Ireland Republic', 'http://int.soccerway.com/teams/ireland-republic/ireland-republic/1202/matches/'),
(461, 57, 'Australia', 'http://int.soccerway.com/teams/australia/australia/156/matches/'),
(462, 57, 'Korea Republic', 'http://int.soccerway.com/teams/korea-republic/korea-republic/1385/matches/'),
(463, 57, 'Scotland', 'http://int.soccerway.com/teams/scotland/scotland/1940/matches/'),
(464, 57, 'China PR', 'http://int.soccerway.com/teams/china-pr/china-pr/453/matches/'),
(465, 57, 'Paraguay', 'http://int.soccerway.com/teams/paraguay/paraguay/1630/matches/'),
(466, 57, 'Russia', 'http://int.soccerway.com/teams/russia/russia/1878/matches/'),
(467, 57, 'Sweden', 'http://int.soccerway.com/teams/sweden/sweden/2173/matches/'),
(468, 56, 'Cerro Montevideo', 'http://int.soccerway.com/teams/uruguay/club-atletico-cerro/2287/matches/'),
(469, 56, 'Sud America', 'http://int.soccerway.com/teams/uruguay/institucion-atletica-sud-america/8236/matches/'),
(470, 56, 'El Tanque Sisley', 'http://int.soccerway.com/teams/uruguay/centro-cultural-y-deportivo-el-tanque-sisley/8237/matches/'),
(472, 56, 'Danubio Montevideo', 'http://int.soccerway.com/teams/uruguay/danubio-futbol-club/2282/matches/'),
(474, 56, 'Rentistas', 'http://int.soccerway.com/teams/uruguay/club-atletico-rentistas/2291/matches/'),
(475, 56, 'Centro Atletico Fenix', 'http://int.soccerway.com/teams/uruguay/centro-atletico-fenix/2295/matches/'),
(476, 56, 'Defensor Sporting Montevideo', 'http://int.soccerway.com/teams/uruguay/defensor-sporting-club/2294/matches/'),
(477, 56, 'Racing Club Montevideo', 'http://int.soccerway.com/teams/uruguay/racing-club-de-montevideo/8235/matches/'),
(478, 56, 'Penarol Montevideo', 'http://int.soccerway.com/teams/uruguay/club-atletico-penarol/2285/matches/'),
(479, 56, 'Montevideo Wanderers', 'http://int.soccerway.com/teams/uruguay/montevideo-wanderers-futbol-club/2289/matches/'),
(480, 56, 'Juventud Las Piedras', 'http://int.soccerway.com/teams/uruguay/club-atletico-juventud/3051/matches/'),
(482, 56, 'River Plate Montevideo', 'http://int.soccerway.com/teams/uruguay/ca-river-plate/3052/matches/'),
(483, 56, 'Nacional Montevideo', 'http://int.soccerway.com/teams/uruguay/club-nacional-de-football/2286/matches/'),
(486, 61, 'Huachipato', 'http://int.soccerway.com/teams/chile/club-deportivo-huachipato/409/matches/'),
(488, 61, 'Cobresal', 'http://int.soccerway.com/teams/chile/club-de-desportes-cobresal/423/matches/'),
(489, 61, 'Colo Colo', 'http://int.soccerway.com/teams/chile/club-social-y-deportivo-colo-colo/411/matches/'),
(490, 61, 'Deportes Iquique', 'http://int.soccerway.com/teams/chile/municipal-iquique/8240/matches/'),
(491, 61, 'Union La Calera', 'http://int.soccerway.com/teams/chile/union-la-calera/6798/matches/'),
(492, 61, 'Universidad de Chile', 'http://int.soccerway.com/teams/chile/cfp-universidad-de-chile/412/matches/'),
(493, 61, 'Antofagasta', 'http://int.soccerway.com/teams/chile/cd-antofagasta/6392/matches/'),
(494, 61, 'Santiago Wanderers', 'http://int.soccerway.com/teams/chile/club-de-desportes-santiago-wanderers/407/matches/'),
(495, 61, 'O.Higgins', 'http://int.soccerway.com/teams/chile/ohiggins/2836/matches/'),
(496, 61, 'Palestino', 'http://int.soccerway.com/teams/chile/club-deportivo-palestino/422/matches/'),
(497, 61, 'Universidad Catolica', 'http://int.soccerway.com/teams/chile/cd-universidad-catolica/418/matches/'),
(498, 61, 'Audax Italiano', 'http://int.soccerway.com/teams/chile/audax-club-sportivo-italiano/415/matches/'),
(499, 61, 'Cobreloa', 'http://int.soccerway.com/teams/chile/club-de-desportes-cobreloa/406/matches/'),
(500, 61, 'Nublense', 'http://int.soccerway.com/teams/chile/club-de-deportes-nublense/6795/matches/'),
(501, 61, 'Union Espanola', 'http://int.soccerway.com/teams/chile/union-espanola/413/matches/'),
(502, 61, 'Universidad de Concepcion', 'http://int.soccerway.com/teams/chile/club-deportivo-universidad-de-concepcion/408/matches/'),
(503, 57, 'Colombia', 'http://int.soccerway.com/teams/colombia/colombia/473/matches/'),
(504, 57, 'Finland', 'http://int.soccerway.com/teams/finland/finland/883/matches/'),
(505, 57, 'Belgium', 'http://int.soccerway.com/teams/belgium/belgium/281/matches/'),
(506, 57, 'Ukraine', 'http://int.soccerway.com/teams/ukraine/ukraine/2269/matches/'),
(507, 57, 'Venezuela', 'http://int.soccerway.com/teams/venezuela/venezuela/2313/matches/'),
(508, 57, 'Bolivia', 'http://int.soccerway.com/teams/bolivia/bolivia/298/matches/'),
(509, 57, 'Peru', 'http://int.soccerway.com/teams/peru/peru/1645/matches/'),
(510, 57, 'Ecuador', 'http://int.soccerway.com/teams/ecuador/ecuador/657/matches/'),
(512, 62, 'Rapid Wien', 'http://int.soccerway.com/teams/austria/sk-rapid-wien/160/matches/'),
(514, 62, 'Austria Wien', 'http://int.soccerway.com/teams/austria/fk-austria-memphis-magna/158/matches/'),
(515, 62, 'SV Grodig', 'http://int.soccerway.com/teams/austria/sv-grodig/8750/matches/'),
(516, 62, 'SC Wiener Neustadt', 'http://int.soccerway.com/teams/austria/fc-magna-wiener-neustadt/10847/matches/'),
(517, 62, 'Sturm Graz', 'http://int.soccerway.com/teams/austria/sk-puntigamer-sturm-graz/164/matches/'),
(518, 62, 'Wolfsberger AC', 'http://int.soccerway.com/teams/austria/wolfsberger-athletik-club/21579/matches/'),
(519, 62, 'Admira Wacker Modling', 'http://int.soccerway.com/teams/austria/fc-admira-wacker-modling/10848/matches/'),
(520, 62, 'SV Ried', 'http://int.soccerway.com/teams/austria/sv-josko-ried/171/matches/'),
(521, 62, 'Red Bull Salzburg', 'http://int.soccerway.com/teams/austria/fc-red-bull-salzburg/165/matches/'),
(522, 63, 'FC Copenhagen', 'http://int.soccerway.com/teams/denmark/fc-kobenhavn/600/matches/'),
(523, 63, 'Brondby IF', 'http://int.soccerway.com/teams/denmark/brondby-if/601/matches/'),
(524, 63, 'Esbjerg', 'http://int.soccerway.com/teams/denmark/esbjerg-fb/599/matches/'),
(525, 63, 'Sonderjyske', 'http://int.soccerway.com/teams/denmark/sonderjyske/2990/matches/'),
(526, 63, 'Aalborg', 'http://int.soccerway.com/teams/denmark/aalborg-bk/602/matches/'),
(528, 63, 'Midtjylland', 'http://int.soccerway.com/teams/denmark/fc-midtjylland/603/matches/'),
(529, 63, 'Odense BK', 'http://int.soccerway.com/teams/denmark/odense-boldklub/608/matches/'),
(530, 63, 'Randers FC', 'http://int.soccerway.com/teams/denmark/randers-fc/610/matches/'),
(531, 63, 'Nordsjaelland', 'http://int.soccerway.com/teams/denmark/fc-nordsjalland/606/matches/'),
(532, 63, 'FC Vestsjaelland', 'http://int.soccerway.com/teams/denmark/fc-vestsjalland/632/matches/'),
(534, 64, 'El Nacional Quito', 'http://int.soccerway.com/teams/ecuador/cd-el-nacional/652/matches/'),
(535, 64, 'Emelec Guayaquil', 'http://int.soccerway.com/teams/ecuador/club-sport-emelec/649/matches/'),
(536, 64, 'LDU Quito', 'http://int.soccerway.com/teams/ecuador/liga-deportiva-universitaria-de-quito/647/matches/'),
(537, 64, 'Olmedo Rioramba', 'http://int.soccerway.com/teams/ecuador/club-deportivo-olmedo/653/matches/'),
(538, 64, 'Manta FC', 'http://int.soccerway.com/teams/ecuador/manta-futbol-club/3059/matches/'),
(539, 64, 'LDU Loja', 'http://int.soccerway.com/teams/ecuador/ldu-de-loja/3740/matches/'),
(540, 64, 'Mushuc Runa', 'http://int.soccerway.com/teams/ecuador/mushuc-runa-sc/21111/matches/'),
(541, 64, 'Independiente Jose Teran', 'http://int.soccerway.com/teams/ecuador/independiente-jose-teran/10594/matches/'),
(542, 64, 'Barcelona Guayaquil', 'http://int.soccerway.com/teams/ecuador/barcelona-sporting-club-guayaquil/654/matches/'),
(543, 64, 'Deportivo Quito', 'http://int.soccerway.com/teams/ecuador/sd-quito/651/matches/'),
(544, 64, 'Deportivo Cuenca', 'http://int.soccerway.com/teams/ecuador/club-depertivo-cuenca/650/matches/'),
(545, 64, 'Universidad Catolica Quito', 'http://int.soccerway.com/teams/ecuador/universidad-catolica/6912/matches/'),
(546, 57, 'Denmark', 'http://int.soccerway.com/teams/denmark/denmark/643/matches/'),
(547, 65, 'Kingston FC', 'http://int.soccerway.com/teams/canada/kingston-prospect-fc/21442/matches/'),
(548, 65, 'York Region Shooters', 'http://int.soccerway.com/teams/canada/italia-shooters/6736/matches/'),
(549, 65, 'Astros Vasas', 'http://int.soccerway.com/teams/canada/north-york-astros/396/matches/'),
(550, 65, 'Brampton City United', 'http://int.soccerway.com/teams/canada/brampton-lions/8424/matches/'),
(551, 65, 'Toronto Croatia', 'http://int.soccerway.com/teams/canada/toronto-croatia/394/matches/'),
(552, 65, 'Burlington SC', 'http://int.soccerway.com/teams/canada/burlington/24209/matches/'),
(553, 65, 'Niagara United', 'http://int.soccerway.com/teams/canada/niagara-united-sc/21443/matches/'),
(554, 65, 'SC Waterloo Region', 'http://int.soccerway.com/teams/canada/sc-waterloo-region/21444/matches/'),
(557, 65, 'London City', 'http://int.soccerway.com/teams/canada/london-city-fc/395/matches/'),
(558, 65, 'Serbian White Eagles', 'http://int.soccerway.com/teams/canada/serbian-white-eagles/6737/matches/'),
(559, 57, 'Canada', 'http://int.soccerway.com/teams/canada/canada/401/matches/'),
(560, 57, 'Austria', 'http://int.soccerway.com/teams/austria/austria/177/matches/'),
(561, 66, 'Mitra Kukar', 'http://int.soccerway.com/teams/indonesia/mitra-kukar-kartanegara/4232/matches/'),
(562, 66, 'PSM Makassar', 'http://int.soccerway.com/teams/indonesia/psm-makassar/1145/matches/'),
(563, 66, 'Persebaya Surabaya', 'http://int.soccerway.com/teams/indonesia/persebaya-surabaya/1146/matches/'),
(564, 66, 'Persela Lamongan', 'http://int.soccerway.com/teams/indonesia/persela-lamongan/1155/matches/'),
(565, 66, 'Persepam', 'http://int.soccerway.com/teams/indonesia/persatuan-sepakbola-pamekasan-madura-united/23618/matches/'),
(566, 66, 'Perseru Serui', 'http://int.soccerway.com/teams/indonesia/perseru-serui/17310/matches/'),
(567, 66, 'Persiba Balikpapan', 'http://int.soccerway.com/teams/indonesia/persiba-balikpapan/3777/matches/'),
(568, 66, 'Persiba Bantul', 'http://int.soccerway.com/teams/indonesia/persiba-bantul/4240/matches/'),
(569, 66, 'Persipura Jayapura', 'http://int.soccerway.com/teams/indonesia/persipura-jayapura/1149/matches/'),
(570, 66, 'Persiram Raja Ampat', 'http://int.soccerway.com/teams/indonesia/persiram-raja-ampat/14543/matches/');
INSERT INTO `team` (`id_team`, `id_negara`, `team`, `link`) VALUES
(571, 66, 'Putra Samarinda', 'http://int.soccerway.com/teams/indonesia/persisam-putra-samarinda/6715/matches/'),
(572, 66, 'Arema Cronus', 'http://int.soccerway.com/teams/indonesia/arema-isl-rendra-kresna/20751/matches/'),
(573, 66, 'Barito Putera', 'http://int.soccerway.com/teams/indonesia/barito-putra/4229/matches/'),
(574, 66, 'Gresik United', 'http://int.soccerway.com/teams/indonesia/gresik-united-fc/6712/matches/'),
(575, 66, 'Pelita Bandung Raya', 'http://int.soccerway.com/teams/indonesia/pelita-jaya/6713/matches/'),
(576, 66, 'Persib Bandung', 'http://int.soccerway.com/teams/indonesia/persib-bandung/1150/matches/'),
(577, 66, 'Persija Jakarta', 'http://int.soccerway.com/teams/indonesia/persija-isl/20754/matches/'),
(578, 66, 'Persijap Jepara', 'http://int.soccerway.com/teams/indonesia/persijap-jepara/3779/matches/'),
(579, 66, 'Persik Kediri', 'http://int.soccerway.com/teams/indonesia/persik-kediri/1160/matches/'),
(580, 66, 'Persita Tangerang', 'http://int.soccerway.com/teams/indonesia/persita-tangerang/1156/matches/'),
(581, 66, 'PS Semen Padang', 'http://int.soccerway.com/teams/indonesia/ps-semen-padang/1161/matches/'),
(582, 66, 'Sriwijaya FC', 'http://int.soccerway.com/teams/indonesia/persijatim-sriwijaya-fc-palembang/3774/matches/'),
(583, 57, 'Indonesia', 'http://int.soccerway.com/teams/indonesia/indonesia/1163/matches/'),
(584, 67, 'Kaizer Chiefs', 'http://int.soccerway.com/teams/south-africa/kaizer-chiefs/3528/matches/'),
(585, 67, 'Mamelodi Sundowns', 'http://int.soccerway.com/teams/south-africa/mamelodi-sundowns/3534/matches/'),
(586, 67, 'Amazulu Durban', 'http://int.soccerway.com/teams/south-africa/amazulu/7187/matches/'),
(587, 67, 'Supersport United', 'http://int.soccerway.com/teams/south-africa/supersport-united/3535/matches/'),
(588, 67, 'Platinum Stars', 'http://int.soccerway.com/teams/south-africa/platinum-stars/3533/matches/'),
(589, 67, 'Wits University', 'http://int.soccerway.com/teams/south-africa/bidvest-wits/6959/matches/'),
(590, 67, 'Orlando Pirates', 'http://int.soccerway.com/teams/south-africa/orlando-pirates/3531/matches/'),
(591, 67, 'Moroka Swallows', 'http://int.soccerway.com/teams/south-africa/moroka-swallows/3530/matches/'),
(592, 67, 'Bloemfontein Celtic', 'http://int.soccerway.com/teams/south-africa/bloemfontein-celtic/3523/matches/'),
(593, 67, 'Ajax Cape Town', 'http://int.soccerway.com/teams/south-africa/ajax-cape-town/3521/matches/'),
(594, 67, 'Mpumalanga Black Aces', 'http://int.soccerway.com/teams/south-africa/mpumalanga-black-aces/8144/matches/'),
(595, 67, 'Pretoria University', 'http://int.soccerway.com/teams/south-africa/pretoria-university/8143/matches/'),
(596, 67, 'Maritzburg United', 'http://int.soccerway.com/teams/south-africa/maritzburg-united/4309/matches/'),
(597, 67, 'Polokwane City', 'http://int.soccerway.com/teams/south-africa/bay-united/8148/matches/'),
(598, 67, 'Free State Stars', 'http://int.soccerway.com/teams/south-africa/free-state-stars/4613/matches/'),
(599, 67, 'Golden Arrows', 'http://int.soccerway.com/teams/south-africa/golden-arrows/3526/matches/'),
(600, 57, 'South Africa', 'http://int.soccerway.com/teams/south-africa/south-africa/2014/matches/'),
(601, 68, 'Terengganu', 'http://int.soccerway.com/teams/malaysia/terengganu/3282/matches/'),
(602, 68, 'Kelantan', 'http://int.soccerway.com/teams/malaysia/kelantan-fc/3269/matches/'),
(603, 68, 'Sarawak', 'http://int.soccerway.com/teams/malaysia/sarawak/3263/matches/'),
(604, 68, 'Selangor', 'http://int.soccerway.com/teams/malaysia/selangor-fc/3278/matches/'),
(605, 68, 'Singapore LIONSXII', 'http://int.soccerway.com/teams/singapore/singapore-lionsxii-fc/20865/matches/'),
(606, 68, 'Darul Takzim', 'http://int.soccerway.com/teams/malaysia/johor-fc/3268/matches/'),
(607, 68, 'ATM', 'http://int.soccerway.com/teams/malaysia/atm/3265/matches/'),
(608, 68, 'PKNS', 'http://int.soccerway.com/teams/malaysia/selangor-pkns/3281/matches/'),
(609, 68, 'Pahang', 'http://int.soccerway.com/teams/malaysia/pahang/3258/matches/'),
(610, 68, 'Perak', 'http://int.soccerway.com/teams/malaysia/perak/3259/matches/'),
(611, 68, 'Sime Darby', 'http://int.soccerway.com/teams/malaysia/sime-darby-fc/17578/matches/'),
(612, 68, 'PBDKT T-Team', 'http://int.soccerway.com/teams/malaysia/pbd-kt/10715/matches/'),
(613, 57, 'Malaysia', 'http://int.soccerway.com/teams/malaysia/malaysia/1442/matches/'),
(614, 69, 'Hajduk Split', 'http://int.soccerway.com/teams/croatia/hnk-hajduk-split/478/matches/'),
(615, 69, 'Dinamo Zagreb', 'http://int.soccerway.com/teams/croatia/nk-dinamo-zagreb/479/matches/'),
(616, 69, 'Rijeka', 'http://int.soccerway.com/teams/croatia/hnk-rijeka/480/matches/'),
(617, 69, 'NK Lokomotiva', 'http://int.soccerway.com/teams/croatia/nk-lokomotiva-zagreb/11601/matches/'),
(618, 69, 'Istra 1961 Pula', 'http://int.soccerway.com/teams/croatia/nk-istra-1961-pula/4513/matches/'),
(619, 69, 'RNK Split', 'http://int.soccerway.com/teams/croatia/nk-split/2619/matches/'),
(620, 69, 'Zadar', 'http://int.soccerway.com/teams/croatia/nk-zadar/484/matches/'),
(621, 69, 'Slaven Koprivnica', 'http://int.soccerway.com/teams/croatia/nk-slaven-koprivnica/486/matches/'),
(622, 69, 'Osijek', 'http://int.soccerway.com/teams/croatia/nk-osijek/481/matches/'),
(624, 57, 'Norway', 'http://int.soccerway.com/teams/norway/norway/1614/matches/'),
(625, 70, 'Aalesund FK', 'http://int.soccerway.com/teams/norway/alesunds-fotballklub/1602/matches/'),
(626, 70, 'Bodo Glimt', 'http://int.soccerway.com/teams/norway/fotballklub-bodoglimt/1595/matches/'),
(627, 70, 'Brann', 'http://int.soccerway.com/teams/norway/sportsklubben-brann-bergen/1591/matches/'),
(628, 70, 'Haugesund', 'http://int.soccerway.com/teams/norway/fotballklub-haugesund/1610/matches/'),
(629, 70, 'Lillestrom', 'http://int.soccerway.com/teams/norway/lillestrom-sportsklubb/1592/matches/'),
(630, 70, 'Molde', 'http://int.soccerway.com/teams/norway/molde-fotballklubb/1594/matches/'),
(631, 70, 'Odd BK', 'http://int.soccerway.com/teams/norway/odd-grenland-ballklubb/1586/matches/'),
(632, 70, 'Rosenborg', 'http://int.soccerway.com/teams/norway/rosenborg-ballklubb/1587/matches/'),
(633, 70, 'Sandnes Ulf', 'http://int.soccerway.com/teams/norway/sandnes-ulf/7868/matches/'),
(634, 70, 'Sarpsborg 08', 'http://int.soccerway.com/teams/norway/fotballklubben-sparta-sarpsborg/2496/matches/'),
(635, 70, 'Sogndal', 'http://int.soccerway.com/teams/norway/sogndal-idrettslag/1597/matches/'),
(636, 70, 'Stabaek', 'http://int.soccerway.com/teams/norway/stabak-idrettsforening/1593/matches/'),
(637, 70, 'Start IK', 'http://int.soccerway.com/teams/norway/idrettsklubben-start-kristiansand/1598/matches/'),
(638, 70, 'Stromsgodset', 'http://int.soccerway.com/teams/norway/stromsgodset-idrettsforening/1607/matches/'),
(639, 70, 'Viking', 'http://int.soccerway.com/teams/norway/viking-fotballklubb/1596/matches/'),
(640, 70, 'Valerenga', 'http://int.soccerway.com/teams/norway/valerengen-idrettsforeningen/1588/matches/'),
(641, 57, 'Poland', 'http://int.soccerway.com/teams/poland/poland/1677/matches/'),
(642, 71, 'Legia Warszawa', 'http://int.soccerway.com/teams/poland/kp-legia-warsaw/1648/matches/'),
(643, 71, 'Wisla Krakow', 'http://int.soccerway.com/teams/poland/wisla-krakow-ssa/1647/matches/'),
(644, 71, 'Ruch Chorzow', 'http://int.soccerway.com/teams/poland/ks-ruch-chorzow/1668/matches/'),
(645, 71, 'Lech Poznan', 'http://int.soccerway.com/teams/poland/kks-lech-poznan/1653/matches/'),
(646, 71, 'Gornik Zabrze', 'http://int.soccerway.com/teams/poland/ks-gornik-zabrze/1655/matches/'),
(647, 71, 'Pogon Szczecin', 'http://int.soccerway.com/teams/poland/mks-pogon-szczecin/1661/matches/'),
(648, 71, 'Zawisza Bydgoszcz', 'http://int.soccerway.com/teams/poland/sp-zawisza-bydgoszcz/6570/matches/'),
(649, 71, 'Lechia Gdansk', 'http://int.soccerway.com/teams/poland/osrodek-szkolenia-pilkarskiego-lechia-gdansk/3133/matches/'),
(650, 71, 'Jagiellonia Bialystok', 'http://int.soccerway.com/teams/poland/jagiellonia-bialystok/1670/matches/'),
(651, 71, 'Cracovia Krakow', 'http://int.soccerway.com/teams/poland/ks-cracovia-krakow/1664/matches/'),
(652, 71, 'Korona Kielce', 'http://int.soccerway.com/teams/poland/mks-korona-kielce/3121/matches/'),
(653, 71, 'Piast Gliwice', 'http://int.soccerway.com/teams/poland/gks-piast-gliwice/1673/matches/'),
(654, 71, 'Slask Wroclaw', 'http://int.soccerway.com/teams/poland/wroclawski-klub-sportowy-slask-wroclaw-ssa/3109/matches/'),
(656, 71, 'Podbeskidzie Bielsko-Biala', 'http://int.soccerway.com/teams/poland/ts-podbeskidzie-bielsko-biala/1667/matches/'),
(658, 72, 'The New Saints', 'http://int.soccerway.com/teams/wales/the-new-saints-fc/6787/matches/'),
(659, 72, 'Airbus UK', 'http://int.soccerway.com/teams/wales/airbus-uk-fc/3016/matches/'),
(660, 72, 'Carmarthen Town', 'http://int.soccerway.com/teams/wales/carmarthen-town-afc/2330/matches/'),
(661, 72, 'Bangor City', 'http://int.soccerway.com/teams/wales/bangor-city-fc/2320/matches/'),
(662, 72, 'Newtown', 'http://int.soccerway.com/teams/wales/newtown-afc/2324/matches/'),
(663, 72, 'Rhyl', 'http://int.soccerway.com/teams/wales/rhyl-fc/2315/matches/'),
(664, 72, 'Aberystwyth Town', 'http://int.soccerway.com/teams/wales/aberystwyth-town-fc/2318/matches/'),
(665, 72, 'Bala Town', 'http://int.soccerway.com/teams/wales/bala-town-fc/3926/matches/'),
(666, 72, 'Prestatyn Town', 'http://int.soccerway.com/teams/wales/prestatyn-town-fc/6057/matches/'),
(667, 72, 'Port Talbot Town', 'http://int.soccerway.com/teams/wales/port-talbot-town-fc/2325/matches/'),
(668, 72, 'GAP Connahs Quay', 'http://int.soccerway.com/teams/wales/connahs-quay-nomads-fc/2322/matches/'),
(670, 73, 'Steaua Bucuresti', 'http://int.soccerway.com/teams/romania/sc-fc-steaua-bucuresti-sa/1776/matches/'),
(671, 73, 'Astra Giurgiu', 'http://int.soccerway.com/teams/romania/astra-ploiesti/2805/matches/'),
(672, 57, 'Wales', 'http://int.soccerway.com/teams/wales/wales/2332/matches/'),
(673, 57, 'Romania', 'http://int.soccerway.com/teams/romania/romania/1839/matches/'),
(674, 73, 'Petrolul Ploiesti', 'http://int.soccerway.com/teams/romania/sc-fc-petrolul-ploiesti/1793/matches/'),
(675, 73, 'Pandurii Targu-Jiu', 'http://int.soccerway.com/teams/romania/pandurii-targu-jiu/1808/matches/'),
(676, 73, 'Dinamo Bucuresti', 'http://int.soccerway.com/teams/romania/fc-dinamo-1948-sa-bucuresti/1775/matches/'),
(677, 73, 'Vaslui', 'http://int.soccerway.com/teams/romania/fc-vaslui/1792/matches/'),
(678, 73, 'CFR Cluj', 'http://int.soccerway.com/teams/romania/scs-cfr-1907-cluj-sa/1824/matches/'),
(679, 73, 'Ceahlaul Piatra Neamt', 'http://int.soccerway.com/teams/romania/fc-ceahlaul-piatra-neamt/1786/matches/'),
(680, 73, 'Gaz Metan Medias', 'http://int.soccerway.com/teams/romania/gaz-metan-medias/1827/matches/'),
(681, 73, 'Concordia Chiajna', 'http://int.soccerway.com/teams/romania/cs-concordia-chiajna/9088/matches/'),
(683, 73, 'Botosani', 'http://int.soccerway.com/teams/romania/fc-sa-botosani/3243/matches/'),
(685, 73, 'Viitorul Constanta', 'http://int.soccerway.com/teams/romania/sc-fc-viitorul-constanta/13720/matches/'),
(686, 73, 'Otelul Galati', 'http://int.soccerway.com/teams/romania/sc-fc-otelul-sa-galati/1782/matches/'),
(687, 73, 'Universitatea Cluj', 'http://int.soccerway.com/teams/romania/cfm-universitatea-cluj/1828/matches/'),
(691, 78, 'Athlone Town', 'http://int.soccerway.com/teams/ireland-republic/athlone-town-football-club/1195/matches/'),
(692, 78, 'Bohemians', 'http://int.soccerway.com/teams/ireland-republic/bohemian-football-club/1186/matches/'),
(693, 78, 'Bray Wanderers', 'http://int.soccerway.com/teams/ireland-republic/bray-wanderers-fc/1192/matches/'),
(694, 78, 'Cork City', 'http://int.soccerway.com/teams/ireland-republic/cork-city-football-club/1185/matches/'),
(695, 78, 'Drogheda United', 'http://int.soccerway.com/teams/ireland-republic/drogheda-united-football-club/1182/matches/'),
(696, 78, 'Dundalk', 'http://int.soccerway.com/teams/ireland-republic/dundalk-football-club/1196/matches/'),
(697, 78, 'Limerick FC', 'http://int.soccerway.com/teams/ireland-republic/limerick-37/8200/matches/'),
(698, 78, 'Shamrock Rovers', 'http://int.soccerway.com/teams/ireland-republic/shamrock-rovers-football-club/1184/matches/'),
(699, 78, 'Sligo Rovers', 'http://int.soccerway.com/teams/ireland-republic/sligo-rovers-fc/1193/matches/'),
(700, 78, 'St. Patricks Athletic', 'http://int.soccerway.com/teams/ireland-republic/st-patricks-athletic-fc/1188/matches/'),
(701, 78, 'UC Dublin', 'http://int.soccerway.com/teams/ireland-republic/university-college-dublin-football-club/1190/matches/'),
(702, 78, 'Derry City', 'http://int.soccerway.com/teams/northern-ireland/derry-city-football-club/1187/matches/'),
(703, 79, 'Sparta Praha', 'http://int.soccerway.com/teams/czech-republic/ac-sparta-praha/532/matches/'),
(704, 79, 'Viktoria Plzen', 'http://int.soccerway.com/teams/czech-republic/fc-viktoria-plzen/546/matches/'),
(705, 79, 'Teplice', 'http://int.soccerway.com/teams/czech-republic/fk-teplice/539/matches/'),
(706, 79, 'Mlada Boleslav', 'http://int.soccerway.com/teams/czech-republic/fk-mlada-boleslav/548/matches/'),
(707, 79, 'Dukla Praha', 'http://int.soccerway.com/teams/czech-republic/ac-dukla-praha/2782/matches/'),
(708, 79, 'Slovan Liberec', 'http://int.soccerway.com/teams/czech-republic/fc-slovan-liberec/537/matches/'),
(709, 79, 'Jablonec', 'http://int.soccerway.com/teams/czech-republic/fk-jablonec-97/540/matches/'),
(710, 79, 'Slovacko', 'http://int.soccerway.com/teams/czech-republic/1-fc-slovacko/2986/matches/'),
(712, 79, 'Slavia Praha', 'http://int.soccerway.com/teams/czech-republic/sk-slavia-praha/533/matches/'),
(714, 79, 'Zbrojovka Brno', 'http://int.soccerway.com/teams/czech-republic/1fc-brno/543/matches/'),
(715, 79, 'FK Pribram', 'http://int.soccerway.com/teams/czech-republic/1fk-pribram/541/matches/'),
(716, 79, 'Vysocina Jihlava', 'http://int.soccerway.com/teams/czech-republic/fc-vysocina-jihlava/552/matches/'),
(717, 79, 'Banik Ostrava', 'http://int.soccerway.com/teams/czech-republic/fc-banik-ostrava/531/matches/'),
(718, 79, 'Bohemians 1905', 'http://int.soccerway.com/teams/czech-republic/bohemians-1905/550/matches/'),
(719, 80, 'Slovan Bratislava', 'http://int.soccerway.com/teams/slovakia/k-slovan-bratislava/1981/matches/'),
(720, 81, 'Maribor', 'http://int.soccerway.com/teams/slovenia/nk-maribor/2001/matches/'),
(721, 82, 'Crvena Zvezda', 'http://int.soccerway.com/teams/serbia/fk-crvena-zvezda-beograd/1942/matches/'),
(722, 83, 'CS Herediano', 'http://int.soccerway.com/teams/costa-rica/cs-herediano/5047/matches/'),
(723, 80, 'AS Trencin', 'http://int.soccerway.com/teams/slovakia/fk-as-trencin/1976/matches/'),
(724, 80, 'MFK Ruzomberok', 'http://int.soccerway.com/teams/slovakia/mfk-ruomberok/1974/matches/'),
(725, 80, 'FK Senica', 'http://int.soccerway.com/teams/slovakia/senica/1996/matches/'),
(726, 80, 'Spartak Myjava', 'http://int.soccerway.com/teams/slovakia/tj-spartak-myjava/13475/matches/'),
(727, 80, 'Dukla Banska Bystrica', 'http://int.soccerway.com/teams/slovakia/fk-dukla-banska-bystrica/1972/matches/'),
(728, 80, 'Spartak Trnava', 'http://int.soccerway.com/teams/slovakia/fc-spartak-trnava/1975/matches/'),
(729, 80, 'MFK Kosice', 'http://int.soccerway.com/teams/slovakia/mfk-koice/5516/matches/'),
(730, 84, 'Club Nacional Asuncion', 'http://int.soccerway.com/teams/paraguay/club-nacional/1627/matches/'),
(731, 80, 'ViOn Zlate Moravce', 'http://int.soccerway.com/teams/slovakia/fc-zlate-moravce/3240/matches/'),
(732, 80, 'MSK Zilina', 'http://int.soccerway.com/teams/slovakia/mk-ilina/1973/matches/'),
(733, 80, 'DAC Dunajska Streda', 'http://int.soccerway.com/teams/slovakia/dac-1904-dunajska-streda/1995/matches/'),
(735, 82, 'Partizan Belgrade', 'http://int.soccerway.com/teams/serbia/fk-partizan-beograd/1943/matches/'),
(736, 82, 'FK Cukaricki', 'http://int.soccerway.com/teams/serbia/fk-cukaricki/2842/matches/'),
(737, 82, 'Vojvodina Novi Sad', 'http://int.soccerway.com/teams/serbia/fk-vojvodina-novi-sad/1950/matches/'),
(738, 82, 'FK Jagodina', 'http://int.soccerway.com/teams/serbia/fk-jagodina/7082/matches/'),
(739, 82, 'Novi Pazar', 'http://int.soccerway.com/teams/serbia/fk-novi-pazar/3222/matches/'),
(740, 82, 'Radnicki 1923', 'http://int.soccerway.com/teams/serbia/fk-radnicki-kragujevac/2849/matches/'),
(741, 82, 'Spartak Zlatibor Voda', 'http://int.soccerway.com/teams/serbia/fk-subotica/4503/matches/'),
(742, 82, 'Vozdovac Belgrade', 'http://int.soccerway.com/teams/serbia/fk-vozdovac/3227/matches/'),
(743, 82, 'Napredak Krusevac', 'http://int.soccerway.com/teams/serbia/fk-napredak-krusevac/1956/matches/'),
(745, 82, 'OFK Beograd', 'http://int.soccerway.com/teams/serbia/ofk-beograd/1947/matches/'),
(746, 82, 'Radnicki Nis', 'http://int.soccerway.com/teams/serbia/fk-radnicki-nis/2850/matches/'),
(747, 82, 'Donji Srem', 'http://int.soccerway.com/teams/serbia/fk-donji-srem/13683/matches/'),
(749, 82, 'Rad Belgrade', 'http://int.soccerway.com/teams/serbia/fk-rad-beograd/2845/matches/'),
(750, 81, 'Koper', 'http://int.soccerway.com/teams/slovenia/fc-koper/2003/matches/'),
(751, 81, 'ND Gorica', 'http://int.soccerway.com/teams/slovenia/nd-gorica/1999/matches/'),
(752, 81, 'Rudar Velenje', 'http://int.soccerway.com/teams/slovenia/nk-rudar-velenje/2807/matches/'),
(753, 81, 'Domzale', 'http://int.soccerway.com/teams/slovenia/nogometni-klub-domale/2006/matches/'),
(754, 81, 'Olimpija Ljubljana', 'http://int.soccerway.com/teams/slovenia/nk-olimpija-ljubljana/2000/matches/'),
(755, 81, 'NK Celje', 'http://int.soccerway.com/teams/slovenia/nk-celje/2005/matches/'),
(756, 81, 'NK Krka', 'http://int.soccerway.com/teams/slovenia/nk-krka/8799/matches/'),
(758, 81, 'NK Zavrc', 'http://int.soccerway.com/teams/slovenia/nk-zavrc/3363/matches/'),
(759, 57, 'Serbia', 'http://int.soccerway.com/teams/serbia/serbia/6816/matches/'),
(760, 57, 'Slovakia', 'http://int.soccerway.com/teams/slovakia/slovakia/1998/matches/'),
(761, 57, 'Slovenia', 'http://int.soccerway.com/teams/slovenia/slovenia/2011/matches/'),
(762, 83, 'Deportivo Saprissa', 'http://int.soccerway.com/teams/costa-rica/deportivo-saprissa/3862/matches/'),
(763, 83, 'LD Alajuelense', 'http://int.soccerway.com/teams/costa-rica/ld-alajuelense/5039/matches/'),
(764, 83, 'Universidad de Costa Rica', 'http://int.soccerway.com/teams/costa-rica/cf-universidad-de-costa-rica/8822/matches/'),
(765, 83, 'Santos de Guapiles', 'http://int.soccerway.com/teams/costa-rica/santos-de-guapiles-fc/5044/matches/'),
(766, 83, 'AD Carmelita', 'http://int.soccerway.com/teams/costa-rica/asociacion-deportiva-carmelita/5046/matches/'),
(767, 83, 'Limon FC', 'http://int.soccerway.com/teams/costa-rica/limon-fc/13576/matches/'),
(768, 83, 'Uruguay de Coronado', 'http://int.soccerway.com/teams/costa-rica/cs-uruguay/13578/matches/'),
(769, 83, 'CS Cartagines', 'http://int.soccerway.com/teams/costa-rica/club-sport-cartagines/5040/matches/'),
(770, 83, 'Puntarenas', 'http://int.soccerway.com/teams/costa-rica/puntarenas-fc/5043/matches/'),
(771, 83, 'Belen Siglo XXI', 'http://int.soccerway.com/teams/costa-rica/belen/5045/matches/'),
(772, 83, 'Perez Zeledon', 'http://int.soccerway.com/teams/costa-rica/municipal-perez-zeledon/5048/matches/'),
(773, 84, 'Guarani Asuncion', 'http://int.soccerway.com/teams/paraguay/club-guarani/1623/matches/'),
(774, 84, 'Rubio Nu', 'http://int.soccerway.com/teams/paraguay/club-rubio-nu/8531/matches/'),
(775, 84, 'General Diaz', 'http://int.soccerway.com/teams/paraguay/club-general-diaz/8528/matches/'),
(776, 84, '3 de Febrero', 'http://int.soccerway.com/teams/paraguay/3-de-febrero/3611/matches/'),
(777, 84, 'Sportivo Luqueno', 'http://int.soccerway.com/teams/paraguay/club-sportivo-luqueno/1625/matches/'),
(778, 84, 'Olimpia Asuncion', 'http://int.soccerway.com/teams/paraguay/club-olimpia/1624/matches/'),
(779, 84, 'Libertad Asuncion', 'http://int.soccerway.com/teams/paraguay/club-libertad/1621/matches/'),
(780, 84, 'Deportivo Capiata', 'http://int.soccerway.com/teams/paraguay/deportivo-capiata/14987/matches/'),
(781, 84, 'Cerro Porteno', 'http://int.soccerway.com/teams/paraguay/cerro-porteno/1620/matches/'),
(783, 84, 'Sol de America', 'http://int.soccerway.com/teams/paraguay/sol-de-america/1629/matches/'),
(784, 84, '12 de Octubre Itaugua', 'http://int.soccerway.com/teams/paraguay/club-12-de-octubre/1626/matches/'),
(785, 85, 'test', 'test'),
(786, 86, 'ccc', 'ccc'),
(787, 87, 'aaa', 'aaa'),
(788, 89, 'Mohammedan Kolkata', 'http://int.soccerway.com/teams/india/mohammedan-sporting-club/3351/matches/'),
(789, 89, 'East Bengal', 'http://int.soccerway.com/teams/india/east-bengal-club-fc/3346/matches/'),
(790, 89, 'Bengaluru FC', 'http://int.soccerway.com/teams/india/bengaluru/25367/matches/'),
(791, 89, 'United SC', 'http://int.soccerway.com/teams/india/chirag-united-sc/8249/matches/'),
(792, 89, 'Shillong Lajong', 'http://int.soccerway.com/teams/india/lajong-sc/8254/matches/'),
(793, 89, 'Rangdajied United', 'http://int.soccerway.com/teams/india/arhima-club/14933/matches/'),
(794, 89, 'Salgaocar Goa', 'http://int.soccerway.com/teams/india/salgaocar-sports-club/3353/matches/'),
(795, 89, 'Mumbai FC', 'http://int.soccerway.com/teams/india/mumbai-fc/10631/matches/'),
(796, 89, 'Mohun Bagan AC', 'http://int.soccerway.com/teams/india/mohun-bagan-ac/3352/matches/'),
(797, 89, 'Sporting Clube de Goa', 'http://int.soccerway.com/teams/india/sporting-club-de-goa/3347/matches/'),
(798, 89, 'Dempo', 'http://int.soccerway.com/teams/india/dempo-sports-club/3345/matches/'),
(799, 89, 'Churchill Brothers', 'http://int.soccerway.com/teams/india/churchill-brothers-sc/3344/matches/'),
(800, 89, 'Pune', 'http://int.soccerway.com/teams/india/pune-fc/10635/matches/'),
(801, 88, 'The Strongest', 'http://int.soccerway.com/teams/bolivia/club-the-strongest/289/matches/'),
(802, 88, 'San Jose Oruro', 'http://int.soccerway.com/teams/bolivia/club-deportivo-san-jose/292/matches/'),
(803, 88, 'Blooming', 'http://int.soccerway.com/teams/bolivia/club-blooming/294/matches/'),
(804, 88, 'Nacional Potosi', 'http://int.soccerway.com/teams/bolivia/nacional-potosi/10181/matches/'),
(807, 88, 'Real Potosi', 'http://int.soccerway.com/teams/bolivia/club-real-potosi/295/matches/'),
(808, 88, 'Oriente Petrolero', 'http://int.soccerway.com/teams/bolivia/club-oriente-petrolero/290/matches/'),
(809, 88, 'Universitario Sucre', 'http://int.soccerway.com/teams/bolivia/universitario/6522/matches/'),
(810, 88, 'Jorge Wilstermann', 'http://int.soccerway.com/teams/bolivia/club-jorge-wilstermann/293/matches/'),
(811, 88, 'Sport Boys Warnes', 'http://int.soccerway.com/teams/bolivia/sports-boys-warnes/23088/matches/'),
(812, 88, 'Club Bolivar', 'http://int.soccerway.com/teams/bolivia/club-bolivar/291/matches/'),
(813, 57, 'India', 'http://int.soccerway.com/teams/india/india/1144/matches/'),
(814, 57, 'Costa Rica', 'http://int.soccerway.com/teams/costa-rica/costa-rica/477/matches/'),
(815, 57, 'Bulgaria', 'http://int.soccerway.com/teams/bulgaria/bulgaria/382/matches/'),
(817, 91, 'Ludogorets Razgrad', 'http://int.soccerway.com/teams/bulgaria/fk-razgrad-2000/12387/matches/'),
(818, 90, 'Budapest Honved', 'http://int.soccerway.com/teams/hungary/budapest-honved-fc/1113/matches/'),
(819, 90, 'Paksi FC', 'http://int.soccerway.com/teams/hungary/paksi-se/5101/matches/'),
(821, 90, 'Ujpest', 'http://int.soccerway.com/teams/hungary/ujpest-fc/1105/matches/'),
(822, 90, 'Ferencvarosi', 'http://int.soccerway.com/teams/hungary/ferencvarosi-torna-club/1101/matches/'),
(823, 90, 'Debrecin VSC', 'http://int.soccerway.com/teams/hungary/debreceni-vsc-megaforce/1103/matches/'),
(824, 90, 'Puskas Akademia', 'http://int.soccerway.com/teams/hungary/puskas-ferenc-akademia-fc/22345/matches/'),
(825, 90, 'MTK Budapest', 'http://int.soccerway.com/teams/hungary/mtk-hungaria-fc/1104/matches/'),
(826, 90, 'Pecsi MFC', 'http://int.soccerway.com/teams/hungary/pecsi-mfc/1107/matches/'),
(827, 90, 'Videoton FC', 'http://int.soccerway.com/teams/hungary/fc-fehervar/5966/matches/'),
(828, 90, 'Gyori ETO', 'http://int.soccerway.com/teams/hungary/gyori-eto-fc/1110/matches/'),
(829, 90, 'Kecskemeti TE', 'http://int.soccerway.com/teams/hungary/kecskemeti-te/1126/matches/'),
(830, 90, 'Diosgyori VTK', 'http://int.soccerway.com/teams/hungary/diosgyori-vtk/1116/matches/'),
(831, 90, 'Szombathelyi Haladas', 'http://int.soccerway.com/teams/hungary/szombathelyi-haladas/1112/matches/'),
(832, 90, 'Lombard Papa', 'http://int.soccerway.com/teams/hungary/lombard-papa-tfc/1124/matches/'),
(833, 91, 'Botev Plovdiv', 'http://int.soccerway.com/teams/bulgaria/fk-botev-plovdiv/16355/matches/'),
(834, 91, 'Lokomotiv Plovdiv', 'http://int.soccerway.com/teams/bulgaria/pfc-lokomotiv-plovdiv/352/matches/'),
(835, 91, 'Lokomotiv Sofia', 'http://int.soccerway.com/teams/bulgaria/pfc-lokomotiv-sofia/359/matches/'),
(839, 91, 'CSKA Sofia', 'http://int.soccerway.com/teams/bulgaria/pfc-cska-sofia/354/matches/'),
(840, 91, 'Levski Sofia', 'http://int.soccerway.com/teams/bulgaria/pfc-levski-sofia/353/matches/'),
(841, 91, 'Slavia Sofia', 'http://int.soccerway.com/teams/bulgaria/pfc-slavia-sofia/356/matches/'),
(843, 91, 'Cherno More Varna', 'http://int.soccerway.com/teams/bulgaria/pfc-cherno-more-varna/360/matches/'),
(844, 91, 'Litex Lovech', 'http://int.soccerway.com/teams/bulgaria/pfk-litex-lovech/355/matches/'),
(845, 91, 'Beroe', 'http://int.soccerway.com/teams/bulgaria/pfk-beroe-stara-zagora/368/matches/'),
(846, 57, 'Hungary', 'http://int.soccerway.com/teams/hungary/hungary/1131/matches/'),
(848, 92, 'Sheffield Wednesday', 'http://int.soccerway.com/teams/england/sheffield-wednesday-fc/719/matches/'),
(852, 92, 'Derby County', 'http://int.soccerway.com/teams/england/derby-county-fc/699/matches/'),
(853, 92, 'Wigan Athletic', 'http://int.soccerway.com/teams/england/wigan-athletic-football-club/686/matches/'),
(854, 92, 'Reading', 'http://int.soccerway.com/teams/england/reading-fc/688/matches/'),
(855, 92, 'Nottingham Forest', 'http://int.soccerway.com/teams/england/nottingham-forest-fc/694/matches/'),
(856, 92, 'Ipswich Town', 'http://int.soccerway.com/teams/england/ipswich-town-fc/685/matches/'),
(857, 92, 'Brighton & Hove Albion', 'http://int.soccerway.com/teams/england/brighton--hove-albion-fc/703/matches/'),
(858, 92, 'Bournemouth AFC', 'http://int.soccerway.com/teams/england/afc-bournemouth/711/matches/'),
(859, 92, 'Watford', 'http://int.soccerway.com/teams/england/watford-football-club/696/matches/'),
(860, 92, 'Blackburn Rovers', 'http://int.soccerway.com/teams/england/blackburn-rovers-football-club/672/matches/'),
(861, 92, 'Middlesbrough', 'http://int.soccerway.com/teams/england/middlesbrough-football-club/671/matches/'),
(862, 92, 'Leeds United', 'http://int.soccerway.com/teams/england/leeds-united-afc/681/matches/'),
(863, 92, 'Huddersfield Town', 'http://int.soccerway.com/teams/england/huddersfield-town-fc/726/matches/'),
(864, 92, 'Bolton Wanderers', 'http://int.soccerway.com/teams/england/bolton-wanderers-football-club/666/matches/'),
(866, 92, 'Blackpool', 'http://int.soccerway.com/teams/england/blackpool-fc/717/matches/'),
(867, 92, 'Birmingham City', 'http://int.soccerway.com/teams/england/birmingham-city-fc/669/matches/'),
(868, 92, 'Charlton Athletic', 'http://int.soccerway.com/teams/england/charlton-athletic-football-club/668/matches/'),
(870, 92, 'Millwall', 'http://int.soccerway.com/teams/england/millwall-fc/689/matches/'),
(875, 93, 'Crotone', 'http://int.soccerway.com/teams/italy/fc-crotone/1280/matches/'),
(877, 93, 'Trapani', 'http://int.soccerway.com/teams/italy/asd-trapani-calcio/12229/matches/'),
(878, 93, 'Virtus Lanciano', 'http://int.soccerway.com/teams/italy/ss-virtus-lanciano-1924/1307/matches/'),
(879, 93, 'Latina', 'http://int.soccerway.com/teams/italy/as-latina/5665/matches/'),
(880, 93, 'Avellino', 'http://int.soccerway.com/teams/italy/us-avellino/1300/matches/'),
(881, 93, 'Pescara', 'http://int.soccerway.com/teams/italy/pescara-calcio/1282/matches/'),
(882, 93, 'Spezia', 'http://int.soccerway.com/teams/italy/asd-spezia-calcio-2008/1288/matches/'),
(883, 93, 'Modena', 'http://int.soccerway.com/teams/italy/modena-fc/1260/matches/'),
(884, 93, 'Ternana', 'http://int.soccerway.com/teams/italy/ternana-calcio/1265/matches/'),
(885, 93, 'Bari', 'http://int.soccerway.com/teams/italy/as-bari/1301/matches/'),
(886, 93, 'Brescia', 'http://int.soccerway.com/teams/italy/brescia-calcio/1250/matches/'),
(887, 93, 'Varese', 'http://int.soccerway.com/teams/italy/as-varese-1910/1297/matches/'),
(888, 93, 'Carpi', 'http://int.soccerway.com/teams/italy/carpi-fc-1909/12140/matches/'),
(891, 93, 'Cittadella', 'http://int.soccerway.com/teams/italy/as-cittadella/1291/matches/'),
(895, 94, 'Greuther Furth', 'http://int.soccerway.com/teams/germany/spvgg-greuther-furth/986/matches/'),
(897, 94, 'Kaiserslautern', 'http://int.soccerway.com/teams/germany/1-fc-kaiserslautern/973/matches/'),
(898, 94, 'St. Pauli', 'http://int.soccerway.com/teams/germany/fc-st-pauli-von-1910-ev/1018/matches/'),
(899, 94, 'Union Berlin', 'http://int.soccerway.com/teams/germany/1-fc-union-berlin/1026/matches/'),
(900, 94, 'Karlsruher SC', 'http://int.soccerway.com/teams/germany/karlsruher-sc/989/matches/'),
(901, 94, 'SV Sandhausen', 'http://int.soccerway.com/teams/germany/sv-sandhausen/5898/matches/'),
(902, 94, 'TSV 1860 Munchen', 'http://int.soccerway.com/teams/germany/tsv-munchen-1860/978/matches/'),
(903, 94, 'Ingolstadt 04', 'http://int.soccerway.com/teams/germany/fc-ingolstadt-04/5476/matches/'),
(904, 94, 'FSV Frankfurt', 'http://int.soccerway.com/teams/germany/fsv-frankfurt/2363/matches/'),
(905, 94, 'VfR Aalen', 'http://int.soccerway.com/teams/germany/vfr-aalen-1921-ev/1002/matches/'),
(906, 94, 'Erzgebirge Aue', 'http://int.soccerway.com/teams/germany/fc-erzgebirge-aue/985/matches/'),
(907, 94, 'Fortuna Dusseldorf', 'http://int.soccerway.com/teams/germany/dusseldorfer-tus-fortuna-1895-ev/1029/matches/'),
(908, 94, 'VfL Bochum', 'http://int.soccerway.com/teams/germany/vfl-bochum-1848-fussballgemeinschaft-ev/965/matches/'),
(914, 95, 'Las Palmas', 'http://int.soccerway.com/teams/spain/union-deportiva-las-palmas/2055/matches/'),
(915, 95, 'Sporting Gijon', 'http://int.soccerway.com/teams/spain/real-sporting-de-gijon/2038/matches/'),
(916, 95, 'Recreativo Huelva', 'http://int.soccerway.com/teams/spain/real-club-recreativo-de-huelva/2040/matches/'),
(917, 95, 'Barcelona B', 'http://int.soccerway.com/teams/spain/futbol-club-barcelona-ii/2104/matches/'),
(918, 95, 'Tenerife', 'http://int.soccerway.com/teams/spain/club-deportivo-tenerife/2048/matches/'),
(919, 95, 'Real Murcia', 'http://int.soccerway.com/teams/spain/real-murcia-cf/2034/matches/'),
(920, 95, 'Mallorca', 'http://int.soccerway.com/teams/spain/real-club-deportivo-mallorca/2027/matches/'),
(921, 95, 'CE Sabadell', 'http://int.soccerway.com/teams/spain/ce-sabadell/2111/matches/'),
(922, 95, 'CD Lugo', 'http://int.soccerway.com/teams/spain/club-deportivo-lugo/7073/matches/'),
(923, 95, 'Numancia', 'http://int.soccerway.com/teams/spain/club-deportivo-numancia/2035/matches/'),
(926, 95, 'Real Zaragoza', 'http://int.soccerway.com/teams/spain/real-zaragoza/2030/matches/'),
(930, 95, 'Ponferradina', 'http://int.soccerway.com/teams/spain/sociedad-deportiva-ponferradina/2084/matches/'),
(931, 95, 'AD Alcorcon', 'http://int.soccerway.com/teams/spain/agrupacion-deportiva-alcorcon/2085/matches/'),
(932, 95, 'Alaves', 'http://int.soccerway.com/teams/spain/deportivo-alaves/2037/matches/'),
(933, 95, 'Girona', 'http://int.soccerway.com/teams/spain/girona-fc/2101/matches/'),
(934, 96, 'Hammarby', 'http://int.soccerway.com/teams/sweden/hammarby/2147/matches/'),
(935, 96, 'Assyriska', 'http://int.soccerway.com/teams/sweden/assyriska-foreningen/2159/matches/'),
(936, 96, 'IK Sirius FK', 'http://int.soccerway.com/teams/sweden/sirius/2478/matches/'),
(937, 96, 'Osters', 'http://int.soccerway.com/teams/sweden/osters-ildrottsforening/2165/matches/'),
(938, 96, 'Husqvarna FF', 'http://int.soccerway.com/teams/sweden/husqvarna-ff/2460/matches/'),
(939, 96, 'GIF Sundsvall', 'http://int.soccerway.com/teams/sweden/gif-sundsvall/2157/matches/'),
(940, 96, 'Ljungskile', 'http://int.soccerway.com/teams/sweden/ljungskile-sk/2399/matches/'),
(941, 96, 'GAIS Goteborg', 'http://int.soccerway.com/teams/sweden/goteborgs-atlet---ildrottssallskap/2169/matches/'),
(942, 96, 'IFK Varnamo', 'http://int.soccerway.com/teams/sweden/ildrottsforeningen-kamraterna-varnamo/3333/matches/'),
(943, 96, 'Degerfors', 'http://int.soccerway.com/teams/sweden/degerfors-ildrottsforening/2403/matches/'),
(944, 96, 'Varbergs BoIS', 'http://int.soccerway.com/teams/sweden/varbergs-bois-fc/7809/matches/'),
(945, 96, 'Jonkopings Sodra', 'http://int.soccerway.com/teams/sweden/jonkopings-sodra-ildrottsforening/6378/matches/'),
(946, 96, 'Ostersunds FK', 'http://int.soccerway.com/teams/sweden/ostersunds-fk/4034/matches/'),
(947, 96, 'Landskrona BoIS', 'http://int.soccerway.com/teams/sweden/landskrona-bois/2154/matches/'),
(948, 96, 'Angelholms FF', 'http://int.soccerway.com/teams/sweden/angelholms-ff/2454/matches/'),
(949, 96, 'Syrianska FC', 'http://int.soccerway.com/teams/sweden/syrianska-fc/6724/matches/'),
(952, 97, 'Chamois Niortais', 'http://int.soccerway.com/teams/france/chamois-niortais-football-club/909/matches/'),
(954, 97, 'Angers', 'http://int.soccerway.com/teams/france/angers-sporting-club-de-louest/918/matches/'),
(955, 97, 'Nancy', 'http://int.soccerway.com/teams/france/association-sportive-nancy-lorraine/911/matches/'),
(956, 97, 'Tours', 'http://int.soccerway.com/teams/france/tours-football-club/935/matches/'),
(957, 97, 'Troyes', 'http://int.soccerway.com/teams/france/esperance-sportive-troyes-aube-champagne/914/matches/'),
(958, 97, 'Dijon', 'http://int.soccerway.com/teams/france/dijon-football-cote-dor/923/matches/'),
(959, 97, 'Le Havre', 'http://int.soccerway.com/teams/france/le-havre-athletic-club-football-associat/912/matches/'),
(960, 97, 'AC Arles Avignon', 'http://int.soccerway.com/teams/france/ac-arles/6904/matches/'),
(961, 97, 'Clermont Foot', 'http://int.soccerway.com/teams/france/clermont-foot-auvergne/916/matches/'),
(962, 97, 'Brest', 'http://int.soccerway.com/teams/france/stade-brestois-29/922/matches/'),
(964, 97, 'Auxerre', 'http://int.soccerway.com/teams/france/association-de-la-jeunesse-auxerroise/888/matches/'),
(965, 97, 'Creteil', 'http://int.soccerway.com/teams/france/union-sportive-creteil-football/915/matches/'),
(967, 97, 'Laval', 'http://int.soccerway.com/teams/france/stade-lavallois-mayenne-football-club/920/matches/'),
(968, 97, 'Nimes', 'http://int.soccerway.com/teams/france/nimes-olympique/932/matches/'),
(970, 98, 'Daejeon Citizen', 'http://int.soccerway.com/teams/korea-republic/daejeon-citizen/1384/matches/'),
(971, 98, 'Goyang Hi FC', 'http://int.soccerway.com/teams/korea-republic/ansan-hallelujah-football-club/9197/matches/'),
(972, 98, 'FC Anyang', 'http://int.soccerway.com/teams/korea-republic/anyang/2989/matches/'),
(973, 98, 'Suwon FC', 'http://int.soccerway.com/teams/korea-republic/suwon-city/9185/matches/'),
(974, 98, 'Gangwon FC', 'http://int.soccerway.com/teams/korea-republic/gangwon-fc/12907/matches/'),
(975, 98, 'Daegu FC', 'http://int.soccerway.com/teams/korea-republic/daegu-fc/1373/matches/'),
(976, 98, 'Gwangju FC', 'http://int.soccerway.com/teams/korea-republic/gwangju-fc/18351/matches/'),
(977, 98, 'Bucheon FC 1995', 'http://int.soccerway.com/teams/korea-republic/bucheon-fc-1995/10752/matches/'),
(978, 98, 'Ansan Police FC', 'http://int.soccerway.com/teams/korea-republic/national-police-agency-football-club/21170/matches/'),
(979, 98, 'Chungju Hummel', 'http://int.soccerway.com/teams/korea-republic/nowon-hummel-korea/9192/matches/'),
(980, 99, 'Shonan Bellmare', 'http://int.soccerway.com/teams/japan/shonan-bellmare/1346/matches/'),
(981, 99, 'Jubilo Iwata', 'http://int.soccerway.com/teams/japan/jubilo-iwata/1320/matches/'),
(982, 99, 'Matsumoto Yamaga', 'http://int.soccerway.com/teams/japan/matsumoto-yamaga-fc/12592/matches/'),
(983, 99, 'Giravanz Kitakyushu', 'http://int.soccerway.com/teams/japan/new-wave-kitakyushu/10766/matches/'),
(984, 99, 'Fagiano Okayama', 'http://int.soccerway.com/teams/japan/fagiano-okayama/10765/matches/'),
(985, 99, 'Kyoto Sanga', 'http://int.soccerway.com/teams/japan/kyoto-sanga/1340/matches/'),
(986, 99, 'Oita Trinita', 'http://int.soccerway.com/teams/japan/oita-trinita/1326/matches/'),
(987, 99, 'Tochigi SC', 'http://int.soccerway.com/teams/japan/tochigi-sc/8335/matches/'),
(988, 99, 'Mito Hollyhock', 'http://int.soccerway.com/teams/japan/mito-hollyhock/1345/matches/'),
(989, 99, 'V-Varen Nagasaki', 'http://int.soccerway.com/teams/japan/v-nagasaki-hualian/13133/matches/'),
(990, 99, 'Montedio Yamagata', 'http://int.soccerway.com/teams/japan/montedio-yamagata/1337/matches/'),
(991, 99, 'JEF United Ichihara Chiba', 'http://int.soccerway.com/teams/japan/jef-united-ichihara-chiba/1321/matches/'),
(992, 99, 'Consadole Sapporo', 'http://int.soccerway.com/teams/japan/consadole-sapporo/1347/matches/'),
(993, 99, 'Ehime FC', 'http://int.soccerway.com/teams/japan/ehime-fc/6521/matches/'),
(994, 99, 'Roasso Kumamoto', 'http://int.soccerway.com/teams/japan/roasso-kumamoto/8333/matches/'),
(995, 99, 'Avispa Fukuoka', 'http://int.soccerway.com/teams/japan/avispa-fukuoka/1338/matches/'),
(996, 99, 'FC Gifu', 'http://int.soccerway.com/teams/japan/fc-gifu/8347/matches/'),
(997, 99, 'Thespakusatsu Gunma', 'http://int.soccerway.com/teams/japan/thespa-kusatsu/3613/matches/'),
(998, 99, 'Tokyo Verdy', 'http://int.soccerway.com/teams/japan/tokyo-verdy-1969/1332/matches/'),
(999, 99, 'Yokohama FC', 'http://int.soccerway.com/teams/japan/yokohama-fc/1341/matches/'),
(1000, 99, 'Kataller Toyama', 'http://int.soccerway.com/teams/japan/kataller-toyama/10764/matches/'),
(1001, 99, 'Kamatamare Sanuki', 'http://int.soccerway.com/teams/japan/kamatamare-sanuki/16848/matches/'),
(1002, 100, 'America Mineiro', 'http://int.soccerway.com/teams/brazil/america-futebol-clube-belo-horizonte/337/matches/'),
(1003, 100, 'Ceara', 'http://int.soccerway.com/teams/brazil/ceara-sporting-club/333/matches/'),
(1004, 100, 'Joinville EC', 'http://int.soccerway.com/teams/brazil/joinville-esporte-clube/348/matches/'),
(1005, 100, 'Santa Cruz PE', 'http://int.soccerway.com/teams/brazil/santa-cruz-futebol-clube/325/matches/'),
(1006, 100, 'ABC RN', 'http://int.soccerway.com/teams/brazil/abc-futebol-clube/5112/matches/'),
(1007, 100, 'Luverdense', 'http://int.soccerway.com/teams/brazil/luverdense-esporte-clube/5130/matches/'),
(1008, 100, 'Ponte Preta', 'http://int.soccerway.com/teams/brazil/associacao-atletica-ponte-preta/301/matches/'),
(1009, 100, 'Sampaio Correa', 'http://int.soccerway.com/teams/brazil/sampaio-correa-futebol-clube/2833/matches/'),
(1010, 100, 'America de Natal', 'http://int.soccerway.com/teams/brazil/america-futebol-clube-de-natal/5114/matches/'),
(1011, 100, 'Avai SC', 'http://int.soccerway.com/teams/brazil/avai-futebol-clube/330/matches/'),
(1012, 100, 'Vasco da Gama', 'http://int.soccerway.com/teams/brazil/cr-vasco-da-gama/321/matches/'),
(1013, 100, 'Atletico Goianiense', 'http://int.soccerway.com/teams/brazil/atletico-clube-goianiense/6216/matches/'),
(1014, 100, 'Bragantino', 'http://int.soccerway.com/teams/brazil/clube-atletico-bragantino/2827/matches/'),
(1015, 100, 'Oeste Itapolis', 'http://int.soccerway.com/teams/brazil/oeste-futebol-club/10309/matches/'),
(1016, 100, 'Parana', 'http://int.soccerway.com/teams/brazil/parana-clube/309/matches/'),
(1017, 100, 'Nautico Capibaribe', 'http://int.soccerway.com/teams/brazil/clube-nautico-capibaribe/326/matches/'),
(1018, 100, 'Boa MG', 'http://int.soccerway.com/teams/brazil/ituiutaba-esporte-clube/5127/matches/'),
(1019, 100, 'Icasa', 'http://int.soccerway.com/teams/brazil/associacao-desportiva-recreativa-cultural-icasa/5120/matches/'),
(1020, 100, 'Portuguesa Desportos', 'http://int.soccerway.com/teams/brazil/associacao-portuguesa-de-desportos/335/matches/'),
(1021, 100, 'Vila Nova', 'http://int.soccerway.com/teams/brazil/vila-nova-futebol-clube/329/matches/'),
(1022, 101, 'BATE Borisov', 'http://int.soccerway.com/teams/belarus/fc-bate-borisov/200/matches/'),
(1023, 101, 'Dinamo Minsk', 'http://int.soccerway.com/teams/belarus/fc-dinamo-minsk/199/matches/'),
(1024, 101, 'Naftan Novopolotsk', 'http://int.soccerway.com/teams/belarus/fc-naftan-novopolotsk/209/matches/'),
(1025, 101, 'Torpedo Zhodino', 'http://int.soccerway.com/teams/belarus/fc-torpedo-zhodino/197/matches/'),
(1026, 101, 'FC Gomel', 'http://int.soccerway.com/teams/belarus/fc-gomel/201/matches/'),
(1027, 101, 'Shakhtyor Soligorsk', 'http://int.soccerway.com/teams/belarus/fc-shakhtyor-soligorsk/207/matches/'),
(1028, 101, 'Neman Grodno', 'http://int.soccerway.com/teams/belarus/fc-neman-grodno/205/matches/'),
(1029, 101, 'FC Minsk', 'http://int.soccerway.com/teams/belarus/fc-minsk/6667/matches/'),
(1030, 101, 'Dnepr Mogilev', 'http://int.soccerway.com/teams/belarus/fk-dnepr-transmash-mogilev/208/matches/'),
(1031, 101, 'FC Slutsk', 'http://int.soccerway.com/teams/belarus/fk-slutsksakhar/13390/matches/'),
(1032, 101, 'Dinamo Brest', 'http://int.soccerway.com/teams/belarus/fc-dinamo-brest/212/matches/'),
(1033, 101, 'Belshina Bobruisk', 'http://int.soccerway.com/teams/belarus/fc-belshina-bobruisk/210/matches/'),
(1034, 57, 'Belarus', 'http://int.soccerway.com/teams/belarus/belarus/213/matches/'),
(1035, 57, 'Cameroon', 'http://int.soccerway.com/teams/cameroon/cameroon/386/matches/'),
(1036, 57, 'Bosnia-Herzegovina', 'http://int.soccerway.com/teams/bosnia-herzegovina/bosnia-herzegovina/299/matches/'),
(1037, 57, 'Cote d Ivoire', 'http://int.soccerway.com/teams/cote-divoire/cote-divoire/598/matches/'),
(1038, 57, 'Nigeria', 'http://int.soccerway.com/teams/nigeria/nigeria/1567/matches/'),
(1039, 57, 'Ghana', 'http://int.soccerway.com/teams/ghana/ghana/1038/matches/'),
(1040, 57, 'Iran', 'http://int.soccerway.com/teams/iran/iran/1178/matches/'),
(1041, 92, 'Fulham', 'http://int.soccerway.com/teams/england/fulham-football-club/667/matches/'),
(1042, 92, 'Norwich City', 'http://int.soccerway.com/teams/england/norwich-city-fc/677/matches/'),
(1043, 92, 'Cardiff City', 'http://int.soccerway.com/teams/wales/cardiff-city-fc/691/matches/'),
(1044, 16, 'Leicester City', 'http://int.soccerway.com/teams/england/leicester-city-fc/682/matches/'),
(1045, 16, 'Burnley', 'http://int.soccerway.com/teams/england/burnley-fc/698/matches/'),
(1046, 16, 'Queens Park Rangers', 'http://int.soccerway.com/teams/england/queens-park-rangers-fc/702/matches/'),
(1047, 92, 'Rotherham United', 'http://int.soccerway.com/teams/england/rotherham-united-fc/695/matches/'),
(1048, 92, 'Wolverhampton Wanderers', 'http://int.soccerway.com/teams/england/wolverhampton-wanderers-fc/680/matches/'),
(1049, 92, 'Brentford', 'http://int.soccerway.com/teams/england/brentford-fc/722/matches/'),
(1050, 102, 'All Boys Floresta', 'http://int.soccerway.com/teams/argentina/club-atletico-all-boys/7026/matches/'),
(1051, 102, 'Argentinos Juniors', 'http://int.soccerway.com/teams/argentina/argentinos-juniors/113/matches/'),
(1052, 102, 'Colon de Santa Fe', 'http://int.soccerway.com/teams/argentina/colon-de-santa-fe/97/matches/'),
(1053, 24, 'Independiente', 'http://int.soccerway.com/teams/argentina/ca-independiente/100/matches/'),
(1054, 24, 'Banfield', 'http://int.soccerway.com/teams/argentina/ca-banfield/94/matches/'),
(1055, 24, 'Defensa y Justicia', 'http://int.soccerway.com/teams/argentina/csd-defensa-y-justicia/117/matches/'),
(1056, 62, 'Rheindorf Altach', 'http://int.soccerway.com/teams/austria/sc-rheindorf-altach/2988/matches/'),
(1057, 33, 'Westerlo', 'http://int.soccerway.com/teams/belgium/kvc-westerlo/231/matches/'),
(1058, 33, 'Mouscron-Peruwelz', 'http://int.soccerway.com/teams/belgium/rrc-peruwelz/6946/matches/'),
(1059, 91, 'Haskovo', 'http://int.soccerway.com/teams/bulgaria/pfk-haskovo/4604/matches/'),
(1060, 91, 'Marek', 'http://int.soccerway.com/teams/bulgaria/pfc-marek-dupnitsa/357/matches/'),
(1061, 61, 'Barnechea', 'http://int.soccerway.com/teams/chile/club-social-y-deportivo-barnechea/11193/matches/'),
(1062, 61, 'San Marcos', 'http://int.soccerway.com/teams/chile/san-marcos-de-arica/10535/matches/'),
(1063, 69, 'Zagreb', 'http://int.soccerway.com/teams/croatia/nk-zagreb/488/matches/'),
(1064, 79, 'Dynamo Ceske Budejovice', 'http://int.soccerway.com/teams/czech-republic/sk-dynamo-ceske-budejovice/538/matches/'),
(1065, 79, 'Hradec Kralove', 'http://int.soccerway.com/teams/czech-republic/fc-hradec-kralove/556/matches/'),
(1066, 63, 'Silkeborg', 'http://int.soccerway.com/teams/denmark/silkeborg-if-fs/609/matches/'),
(1067, 63, 'Hobro', 'http://int.soccerway.com/teams/denmark/hobro-ik/4523/matches/'),
(1068, 97, 'Sochaux', 'http://int.soccerway.com/teams/france/fc-sochaux-montbeliard/887/matches/'),
(1069, 97, 'Valenciennes', 'http://int.soccerway.com/teams/france/valenciennes-anzin-football-club/933/matches/'),
(1070, 97, 'Ajaccio', 'http://int.soccerway.com/teams/france/athletic-club-ajaccien/900/matches/'),
(1071, 23, 'Metz', 'http://int.soccerway.com/teams/france/fc-de-metz/896/matches/'),
(1072, 23, 'Lens', 'http://int.soccerway.com/teams/france/racing-club-de-lens/892/matches/'),
(1073, 23, 'Caen', 'http://int.soccerway.com/teams/france/stade-malherbe-caen-calvados-basse-norma/902/matches/'),
(1074, 97, 'Orleans', 'http://int.soccerway.com/teams/france/us-orleans/5604/matches/'),
(1076, 97, 'Gazelec Ajaccio', 'http://int.soccerway.com/teams/france/gazelec-fco-ajaccio/931/matches/'),
(1077, 22, 'Koln', 'http://int.soccerway.com/teams/germany/1-fc-koln/980/matches/'),
(1078, 22, 'SC Paderborn 07', 'http://int.soccerway.com/teams/germany/sc-paderborn-07-ev/1013/matches/'),
(1079, 94, 'Eintracht Braunschweig', 'http://int.soccerway.com/teams/germany/braunschweiger-tsv-eintracht-von-1895-ev/1015/matches/'),
(1080, 94, 'Nurnberg', 'http://int.soccerway.com/teams/germany/1-fc-nurnberg/975/matches/'),
(1081, 94, 'Heidenheim', 'http://int.soccerway.com/teams/germany/1-fc-heidenheim-1846/5862/matches/'),
(1082, 94, 'RB Leipzig', 'http://int.soccerway.com/teams/germany/rb-leipzig/13410/matches/'),
(1083, 94, 'Darmstadt 98', 'http://int.soccerway.com/teams/germany/sv-darmstadt-1898-ev/2549/matches/'),
(1084, 54, 'Niki Volos', 'http://int.soccerway.com/teams/greece/niki-volos/1060/matches/'),
(1085, 54, 'Kerkyra', 'http://int.soccerway.com/teams/greece/pae-ao-kerkyra/1055/matches/'),
(1086, 30, 'Mordovia Saransk', 'http://int.soccerway.com/teams/russia/mordovya-saransk/3970/matches/'),
(1087, 30, 'Arsenal Tula', 'http://int.soccerway.com/teams/russia/arsenal-tula/1863/matches/'),
(1088, 30, 'Torpedo Moskva', 'http://int.soccerway.com/teams/russia/fk-torpedo-moskva/1840/matches/'),
(1089, 30, 'Ufa', 'http://int.soccerway.com/teams/russia/bashinformsvyaz-dinamo-ufa/13204/matches/'),
(1090, 25, 'Dordrecht', 'http://int.soccerway.com/teams/netherlands/bvo-fc-dordrecht/1548/matches/'),
(1091, 25, 'Excelsior', 'http://int.soccerway.com/teams/netherlands/sbv-excelsior/1532/matches/'),
(1092, 25, 'Willem II', 'http://int.soccerway.com/teams/netherlands/sbv-willem-ii-tilburg/1521/matches/'),
(1093, 90, 'Nyiregyhaza Spartacus', 'http://int.soccerway.com/teams/hungary/nyiregyhaza-spartacus-fc/1117/matches/'),
(1094, 90, 'Dunaujvaros PASE', 'http://int.soccerway.com/teams/hungary/palhalma-se/14317/matches/'),
(1095, 93, 'Catania', 'http://int.soccerway.com/teams/italy/calcio-catania/1267/matches/'),
(1097, 93, 'Livorno', 'http://int.soccerway.com/teams/italy/as-livorno-calcio/1258/matches/'),
(1098, 93, 'Bologna', 'http://int.soccerway.com/teams/italy/bologna-fc-1909/1249/matches/'),
(1099, 49, 'Cesena', 'http://int.soccerway.com/teams/italy/ac-cesena/1279/matches/'),
(1100, 49, 'Empoli', 'http://int.soccerway.com/teams/italy/empoli-fc/1261/matches/'),
(1101, 49, 'Palermo', 'http://int.soccerway.com/teams/italy/us-citta-di-palermo/1254/matches/'),
(1102, 21, 'Universidad Guadalajara', 'http://int.soccerway.com/teams/mexico/cd-tapatio/1494/matches/'),
(1103, 28, 'Boavista', 'http://int.soccerway.com/teams/portugal/boavista/1685/matches/'),
(1104, 28, 'Moreirense', 'http://int.soccerway.com/teams/portugal/moreirense-fc/1687/matches/'),
(1105, 28, 'Penafiel', 'http://int.soccerway.com/teams/portugal/futebol-clube-de-penafiel/1697/matches/'),
(1106, 71, 'GKS Belchatow', 'http://int.soccerway.com/teams/poland/gks-belchatow/1662/matches/'),
(1107, 71, 'Gornik Leczna', 'http://int.soccerway.com/teams/poland/gks-gornik-leczna-sa/1654/matches/'),
(1108, 73, 'CSMS Iasi', 'http://int.soccerway.com/teams/romania/acs-mu-politehnica-iai---tricolorul-breaza/16321/matches/'),
(1109, 73, 'Rapid Bucuresti', 'http://int.soccerway.com/teams/romania/sc-fc-rapid-sa-bucuresti/1777/matches/'),
(1110, 73, 'CS U Craiova', 'http://int.soccerway.com/teams/romania/cs-u-craiova/25281/matches/'),
(1111, 73, 'Targu Mures', 'http://int.soccerway.com/teams/romania/as-fcm-targu-mures/9276/matches/'),
(1112, 32, 'Hamilton Academical', 'http://int.soccerway.com/teams/scotland/hamilton-academicals-fc/1922/matches/'),
(1113, 32, 'Dundee', 'http://int.soccerway.com/teams/scotland/dundee-fc/1907/matches/'),
(1114, 82, 'Mladost Lucani', 'http://int.soccerway.com/teams/serbia/fk-mladost-lucani/2843/matches/'),
(1115, 82, 'Borac Cacak', 'http://int.soccerway.com/teams/serbia/fk-borac-cacak/1954/matches/'),
(1116, 80, 'Podbrezova', 'http://int.soccerway.com/teams/slovakia/p-port-podbrezova/1984/matches/'),
(1117, 81, 'Radomlje', 'http://int.soccerway.com/teams/slovenia/nk-radomlje/11007/matches/'),
(1118, 95, 'Osasuna', 'http://int.soccerway.com/teams/spain/club-atletico-osasuna/2022/matches/'),
(1119, 95, 'Real Valladolid', 'http://int.soccerway.com/teams/spain/real-valladolid-club-de-futbol/2031/matches/'),
(1120, 95, 'Real Betis', 'http://int.soccerway.com/teams/spain/real-betis/2025/matches/'),
(1121, 38, 'Cordoba', 'http://int.soccerway.com/teams/spain/cordoba-cf/2050/matches/'),
(1122, 38, 'Eibar', 'http://int.soccerway.com/teams/spain/sociedad-deportiva-eibar/2042/matches/'),
(1123, 38, 'Deportivo La Coruna', 'http://int.soccerway.com/teams/spain/real-club-deportivo-de-la-coruna/2018/matches/'),
(1124, 55, 'Vaduz', 'http://int.soccerway.com/teams/liechtenstein/fc-vaduz/7903/matches/'),
(1125, 29, 'Balikesirspor', 'http://int.soccerway.com/teams/turkey/balikesirspor/11985/matches/'),
(1126, 29, 'Mersin Idmanyurdu', 'http://int.soccerway.com/teams/turkey/mersin-idman-yurdu/2244/matches/'),
(1127, 29, 'Istanbul BB', 'http://int.soccerway.com/teams/turkey/istanbul-buyuksehir-bsk/2884/matches/'),
(1128, 72, 'Cefn Druids', 'http://int.soccerway.com/teams/wales/cefn-druids-afc/2327/matches/'),
(1129, 102, 'Atletico Tucuman', 'http://int.soccerway.com/teams/argentina/club-atletico-tucuman/7064/matches/'),
(1130, 102, 'Instituto', 'http://int.soccerway.com/teams/argentina/instituto-atletico-central/125/matches/'),
(1131, 102, 'Gimnasia Jujuy', 'http://int.soccerway.com/teams/argentina/gimnasia-y-esgrima-de-jujuy/121/matches/');
INSERT INTO `team` (`id_team`, `id_negara`, `team`, `link`) VALUES
(1132, 102, 'Crucero del Norte', 'http://int.soccerway.com/teams/argentina/asociacion-mutual-crucero-del-norte/7788/matches/'),
(1133, 102, 'San Martin San Juan', 'http://int.soccerway.com/teams/argentina/ca-san-martin-de-san-juan/129/matches/'),
(1134, 102, 'Union Santa Fe', 'http://int.soccerway.com/teams/argentina/ca-union-de-santa-fe/131/matches/'),
(1135, 102, 'Independiente Rivadavia', 'http://int.soccerway.com/teams/argentina/cs-independiente-rivadavia/7060/matches/'),
(1136, 102, 'Sarmiento', 'http://int.soccerway.com/teams/argentina/club-atletico-sarmiento/3019/matches/'),
(1137, 102, 'Ferro Carril Oeste', 'http://int.soccerway.com/teams/argentina/club-ferro-carril-oeste/119/matches/'),
(1138, 102, 'Boca Unidos', 'http://int.soccerway.com/teams/argentina/club-atletico-boca-unidos/8018/matches/'),
(1139, 102, 'Sportivo Belgrano', 'http://int.soccerway.com/teams/argentina/club-sportivo-belgrano/8014/matches/'),
(1140, 102, 'Aldosivi', 'http://int.soccerway.com/teams/argentina/club-atletico-aldosivi/5030/matches/'),
(1141, 102, 'Douglas Haig', 'http://int.soccerway.com/teams/argentina/douglas-haig/7044/matches/'),
(1143, 102, 'Patronato', 'http://int.soccerway.com/teams/argentina/club-atletico-patronato/8010/matches/'),
(1147, 102, 'Huracan', 'http://int.soccerway.com/teams/argentina/club-atletico-huracan/123/matches/'),
(1148, 88, 'Petrolero Yacuiba', 'http://int.soccerway.com/teams/bolivia/club-petrolero-de-tarija/21635/matches/'),
(1149, 88, 'Universitario Cobija', 'http://int.soccerway.com/teams/bolivia/universitario-cobija/25704/matches/'),
(1150, 53, 'Oleksandria', 'http://int.soccerway.com/teams/ukraine/pfc-olexandria/6957/matches/'),
(1151, 53, 'Olimpik Donetsk', 'http://int.soccerway.com/teams/ukraine/fc-olimpik-donetsk/7122/matches/'),
(1152, 102, 'Temperley', 'http://int.soccerway.com/teams/argentina/club-atletico-temperley/7043/matches/'),
(1153, 102, 'Nueva Chicago', 'http://int.soccerway.com/teams/argentina/ca-nueva-chicago/103/matches/'),
(1154, 102, 'Guarani A. Franco', 'http://int.soccerway.com/teams/argentina/club-guarani-antonio-franco/8021/matches/'),
(1155, 102, 'Deportivo Santamarina', 'http://int.soccerway.com/teams/argentina/deportivo-santamarina/7053/matches/'),
(1156, 56, 'Tacuarembo', 'http://int.soccerway.com/teams/uruguay/tacuarembo-futbol-club/2293/matches/'),
(1159, 56, 'Rampla Juniors', 'http://int.soccerway.com/teams/uruguay/rampla-juniors-futbol-club/3783/matches/'),
(1160, 56, 'Atenas', 'http://int.soccerway.com/teams/uruguay/club-atletico-atenas/8232/matches/'),
(1161, 97, 'Chateauroux', 'http://int.soccerway.com/teams/france/la-berrichonne-chateauroux/913/matches/'),
(1162, 93, 'Perugia', 'http://int.soccerway.com/teams/italy/perugia-calcio/1262/matches/'),
(1163, 93, 'Virtus Entella', 'http://int.soccerway.com/teams/italy/acd-virtus-entella/12109/matches/'),
(1164, 93, 'Frosinone', 'http://int.soccerway.com/teams/italy/frosinone-calcio/2981/matches/'),
(1165, 93, 'Pro Vercelli', 'http://int.soccerway.com/teams/italy/us-pro-vercelli-calcio/5675/matches/'),
(1166, 93, 'Vicenza', 'http://int.soccerway.com/teams/italy/vicenza-calcio/1269/matches/');

-- --------------------------------------------------------

--
-- Table structure for table `user`
--

CREATE TABLE IF NOT EXISTS `user` (
  `id_user` int(11) NOT NULL AUTO_INCREMENT,
  `username` tinytext,
  `password` tinytext,
  PRIMARY KEY (`id_user`)
) ENGINE=InnoDB  DEFAULT CHARSET=latin1 AUTO_INCREMENT=5 ;

--
-- Dumping data for table `user`
--

INSERT INTO `user` (`id_user`, `username`, `password`) VALUES
(1, 'andre', '21232f297a57a5a743894a0e4a801fc3'),
(2, 'iwak', '54af55c832a6586bee3bc3023a693351'),
(3, 'hakz', 'e48e13207341b6bffb7fb1622282247b'),
(4, 'admin', '00907ce1b7b57732c860eed4f4d98ab4');

/*!40101 SET CHARACTER_SET_CLIENT=@OLD_CHARACTER_SET_CLIENT */;
/*!40101 SET CHARACTER_SET_RESULTS=@OLD_CHARACTER_SET_RESULTS */;
/*!40101 SET COLLATION_CONNECTION=@OLD_COLLATION_CONNECTION */;
